index,cop_density,legitimacy,active_threshold,cv
2,0.018437500000000002,0.6378125,0.12031250000000002,0.11890045442060555
0,0.018437500000000002,0.7296875,0.12031250000000002,0.12130842498980451
3,0.018437500000000002,0.7296875,0.1953125,0.42264520451644805
1,0.0690625,0.7296875,0.12031250000000002,5.162502152809776
4,0.018437500000000002,0.6378125,0.1953125,0.1800332054395389
5,0.0690625,0.7296875,0.1953125,3.559026084010437
6,0.0690625,0.6378125,0.12031250000000002,3.9690716014261174
7,0.0690625,0.6378125,0.1953125,1.5133153857640265
8,0.06343750000000001,0.9746874999999999,0.1953125,0
9,0.0240625,0.9746874999999999,0.1953125,0
10,0.06343750000000001,0.8828125,0.1953125,0
11,0.06343750000000001,0.9746874999999999,0.12031250000000002,0
12,0.06343750000000001,0.8828125,0.12031250000000002,0
13,0.0240625,0.9746874999999999,0.12031250000000002,0
14,0.0240625,0.8828125,0.1953125,0
15,0.0240625,0.8828125,0.12031250000000002,0
16,0.0859375,0.6071875,0.08281250000000001,3.8755452803464343
18,0.0859375,0.7603125,0.08281250000000001,3.8321185621519813
17,0.0915625,0.6071875,0.08281250000000001,1.5365505700500024
19,0.0859375,0.6071875,0.08281250000000001,0.9810907306932612
20,0.0859375,0.7603125,0.08281250000000001,1.4055638569974547
21,0.0915625,0.6071875,0.08281250000000001,1.208304597359457
22,0.0915625,0.7603125,0.08281250000000001,3.961966713213965
23,0.0915625,0.7603125,0.08281250000000001,1.3290400126665254
24,0.0409375,0.8521875,0.15781250000000002,0
26,0.0409375,0.5153125,0.15781250000000002,0.8100904104480675
25,0.04656250000000001,0.8521875,0.15781250000000002,0
27,0.0409375,0.8521875,0.15781250000000002,0
28,0.0409375,0.5153125,0.15781250000000002,0.785220905402684
29,0.04656250000000001,0.8521875,0.15781250000000002,0
30,0.04656250000000001,0.5153125,0.15781250000000002,1.512568922127981
31,0.04656250000000001,0.5153125,0.15781250000000002,0.7691401121425511
32,0.052187500000000005,0.5459375,0.1765625,1.384763844582772
33,0.035312500000000004,0.5459375,0.1765625,0.6101352934966754
34,0.052187500000000005,0.5765625,0.1765625,2.603240116802688
35,0.052187500000000005,0.5459375,0.1765625,1.4151648069112315
36,0.052187500000000005,0.5765625,0.1765625,1.4756440481526052
38,0.035312500000000004,0.5765625,0.1765625,1.100237760753697
37,0.035312500000000004,0.5459375,0.1765625,1.0931910643338913
39,0.035312500000000004,0.5765625,0.1765625,1.0519870130347364
40,0.09718750000000001,0.7909375000000001,0.10156250000000001,3.2435568681656854
41,0.08031250000000001,0.7909375000000001,0.10156250000000001,2.964120144402496
42,0.09718750000000001,0.8215625,0.10156250000000001,6.324555320336758
43,0.09718750000000001,0.7909375000000001,0.10156250000000001,2.794622936170799
44,0.09718750000000001,0.8215625,0.10156250000000001,3.142857142857143
45,0.08031250000000001,0.7909375000000001,0.10156250000000001,4.3220365569948616
46,0.08031250000000001,0.8215625,0.10156250000000001,4.06105843710141
47,0.08031250000000001,0.8215625,0.10156250000000001,3.777619377764957
49,0.012812500000000001,0.6684375,0.13906250000000003,0.024049658888978052
48,0.0746875,0.6684375,0.13906250000000003,1.6741015301983944
50,0.0746875,0.9440625,0.13906250000000003,0
51,0.0746875,0.6684375,0.06406250000000001,2.3013541485165088
53,0.012812500000000001,0.6684375,0.06406250000000001,0.014727159083548214
52,0.0746875,0.9440625,0.06406250000000001,0
54,0.012812500000000001,0.9440625,0.13906250000000003,0
55,0.012812500000000001,0.9440625,0.06406250000000001,0
56,0.029687500000000006,0.9134375,0.06406250000000001,1.4826914297003828
58,0.029687500000000006,0.6990625,0.06406250000000001,0.49928849080638765
57,0.05781250000000001,0.9134375,0.06406250000000001,2.527314444462182
59,0.029687500000000006,0.9134375,0.13906250000000003,0
60,0.029687500000000006,0.6990625,0.13906250000000003,0.6131862785048883
62,0.05781250000000001,0.6990625,0.06406250000000001,1.5356736909646875
61,0.05781250000000001,0.9134375,0.13906250000000003,0
63,0.05781250000000001,0.6990625,0.13906250000000003,2.0402782988501795
64,0.0240625,0.5765625,0.1296875,0.08831631601444982
65,0.0859375,0.5765625,0.1296875,1.4816261503438428
66,0.0240625,0.9134375,0.1296875,0
67,0.0240625,0.5765625,0.1484375,0.16460100021743856
68,0.0240625,0.9134375,0.1484375,0
71,0.0859375,0.9134375,0.1484375,0
69,0.0859375,0.5765625,0.1484375,1.4891601987371854
70,0.0859375,0.9134375,0.1296875,0
72,0.0690625,0.8215625,0.0546875,2.5491600498495868
73,0.0409375,0.8215625,0.0546875,0.9024676605124289
74,0.0690625,0.6684375,0.0546875,1.4907864979195735
75,0.0690625,0.8215625,0.0734375,2.5166799877789137
76,0.0690625,0.6684375,0.0734375,1.711757176177302
78,0.0409375,0.6684375,0.0546875,1.0446336176777635
77,0.0409375,0.8215625,0.0734375,1.418762876570378
79,0.0409375,0.6684375,0.0734375,1.132695811108035
80,0.0915625,0.6990625,0.16718750000000002,2.3861847269271523
82,0.0915625,0.5459375,0.16718750000000002,1.2143404674633331
81,0.06343750000000001,0.6990625,0.16718750000000002,2.2521414772991535
83,0.0915625,0.6990625,0.11093750000000001,1.7559229214639376
84,0.0915625,0.5459375,0.11093750000000001,1.0040733366174617
85,0.06343750000000001,0.6990625,0.11093750000000001,1.8517060585453242
86,0.06343750000000001,0.5459375,0.16718750000000002,1.8911982722256198
87,0.06343750000000001,0.5459375,0.11093750000000001,1.837503557257042
88,0.04656250000000001,0.9440625,0.0921875,0
89,0.018437500000000002,0.9440625,0.0921875,0
90,0.04656250000000001,0.7909375000000001,0.0921875,1.217095207012012
91,0.04656250000000001,0.9440625,0.18593750000000003,0
94,0.018437500000000002,0.7909375000000001,0.0921875,0.14521766893008278
93,0.018437500000000002,0.9440625,0.18593750000000003,0
92,0.04656250000000001,0.7909375000000001,0.18593750000000003,2.023181473919748
95,0.018437500000000002,0.7909375000000001,0.18593750000000003,0.7711579103545386
96,0.035312500000000004,0.6378125,0.0734375,0.39352546393638305
97,0.029687500000000006,0.6378125,0.0734375,0.06418814466646149
98,0.035312500000000004,0.8521875,0.0734375,1.1813702973881488
99,0.035312500000000004,0.6378125,0.1296875,0.8347301028629462
101,0.029687500000000006,0.6378125,0.1296875,0.21389423882783784
102,0.029687500000000006,0.8521875,0.0734375,0.2769800002997676
100,0.035312500000000004,0.8521875,0.1296875,1.2767607808194281
103,0.029687500000000006,0.8521875,0.1296875,0.9304443273892178
104,0.08031250000000001,0.8828125,0.1484375,0
106,0.08031250000000001,0.6071875,0.1484375,1.784728326241199
105,0.0746875,0.8828125,0.1484375,0
107,0.08031250000000001,0.8828125,0.0546875,3.977220662280353
109,0.0746875,0.8828125,0.0546875,3.902825993764361
108,0.08031250000000001,0.6071875,0.0546875,0.9403110298866655
110,0.0746875,0.6071875,0.1484375,3.8252085752203615
111,0.0746875,0.6071875,0.0546875,3.5295456339153275
112,0.05781250000000001,0.5153125,0.11093750000000001,1.4363844920932773
113,0.052187500000000005,0.5153125,0.11093750000000001,1.2484299854514322
114,0.05781250000000001,0.7296875,0.11093750000000001,2.690732234128649
115,0.05781250000000001,0.5153125,0.0921875,1.482151829617016
116,0.05781250000000001,0.7296875,0.0921875,1.8445380680628967
117,0.052187500000000005,0.5153125,0.0921875,1.1206768957575792
118,0.052187500000000005,0.7296875,0.11093750000000001,1.5683902149730362
119,0.052187500000000005,0.7296875,0.0921875,1.7110130159610477
120,0.012812500000000001,0.7603125,0.18593750000000003,0.3229551739102357
122,0.012812500000000001,0.9746874999999999,0.18593750000000003,0
121,0.09718750000000001,0.7603125,0.18593750000000003,9.0
123,0.012812500000000001,0.7603125,0.16718750000000002,0.2706837508124323
124,0.012812500000000001,0.9746874999999999,0.16718750000000002,0
125,0.09718750000000001,0.7603125,0.16718750000000002,3.924283374069716
126,0.09718750000000001,0.9746874999999999,0.18593750000000003,0
127,0.09718750000000001,0.9746874999999999,0.16718750000000002,0
128,0.018437500000000002,0.7296875,0.12031250000000002,0.0694700531029288
129,0.0690625,0.7296875,0.12031250000000002,3.6271004900181008
130,0.018437500000000002,0.6378125,0.12031250000000002,0.03840268439891428
131,0.018437500000000002,0.7296875,0.1953125,0.4120891336950881
132,0.018437500000000002,0.6378125,0.1953125,0.1944332283277445
134,0.0690625,0.6378125,0.12031250000000002,2.024188767025729
133,0.0690625,0.7296875,0.1953125,3.273268353539885
135,0.0690625,0.6378125,0.1953125,3.229869233311447
136,0.06343750000000001,0.9746874999999999,0.1953125,0
137,0.0240625,0.9746874999999999,0.1953125,0
138,0.06343750000000001,0.8828125,0.1953125,0
139,0.06343750000000001,0.9746874999999999,0.12031250000000002,0
140,0.06343750000000001,0.8828125,0.12031250000000002,0
141,0.0240625,0.9746874999999999,0.12031250000000002,0
142,0.0240625,0.8828125,0.1953125,0
143,0.0240625,0.8828125,0.12031250000000002,0
144,0.0859375,0.6071875,0.08281250000000001,1.4522174645202908
146,0.0859375,0.7603125,0.08281250000000001,4.020581261998402
145,0.0915625,0.6071875,0.08281250000000001,1.1612072884993037
147,0.0859375,0.6071875,0.08281250000000001,3.6349503024166583
148,0.0859375,0.7603125,0.08281250000000001,2.4011217480625757
149,0.0915625,0.6071875,0.08281250000000001,1.072955995323776
150,0.0915625,0.7603125,0.08281250000000001,3.6096010210201404
151,0.0915625,0.7603125,0.08281250000000001,2.8673076722244573
152,0.0409375,0.8521875,0.15781250000000002,0
153,0.04656250000000001,0.8521875,0.15781250000000002,0
154,0.0409375,0.5153125,0.15781250000000002,0.712978924812583
155,0.0409375,0.8521875,0.15781250000000002,0
156,0.0409375,0.5153125,0.15781250000000002,1.0794446688129615
157,0.04656250000000001,0.8521875,0.15781250000000002,0
158,0.04656250000000001,0.5153125,0.15781250000000002,1.1195565996558399
159,0.04656250000000001,0.5153125,0.15781250000000002,0.9086090695811241
160,0.052187500000000005,0.5459375,0.1765625,1.390078351218459
161,0.035312500000000004,0.5459375,0.1765625,0.6040691635787527
162,0.052187500000000005,0.5765625,0.1765625,1.4421543933736425
163,0.052187500000000005,0.5459375,0.1765625,2.4743544278617344
164,0.052187500000000005,0.5765625,0.1765625,2.169934737324398
165,0.035312500000000004,0.5459375,0.1765625,0.7826915956184924
166,0.035312500000000004,0.5765625,0.1765625,0.7615283446226383
167,0.035312500000000004,0.5765625,0.1765625,0.36447000037400223
168,0.09718750000000001,0.7909375000000001,0.10156250000000001,2.3038429433649132
169,0.08031250000000001,0.7909375000000001,0.10156250000000001,2.1134489978863145
170,0.09718750000000001,0.8215625,0.10156250000000001,3.2732683535398857
171,0.09718750000000001,0.7909375000000001,0.10156250000000001,2.6832815729997477
172,0.09718750000000001,0.8215625,0.10156250000000001,3.5590260840104366
173,0.08031250000000001,0.7909375000000001,0.10156250000000001,4.021827796625047
174,0.08031250000000001,0.8215625,0.10156250000000001,3.613911544704607
175,0.08031250000000001,0.8215625,0.10156250000000001,3.7762839162395325
176,0.0746875,0.6684375,0.13906250000000003,3.5158778548753133
177,0.012812500000000001,0.6684375,0.13906250000000003,0.07647170744876827
178,0.0746875,0.9440625,0.13906250000000003,0
179,0.0746875,0.6684375,0.06406250000000001,3.450086450233709
181,0.012812500000000001,0.6684375,0.06406250000000001,0.030026754343855173
180,0.0746875,0.9440625,0.06406250000000001,0
182,0.012812500000000001,0.9440625,0.13906250000000003,0
183,0.012812500000000001,0.9440625,0.06406250000000001,0
184,0.029687500000000006,0.9134375,0.06406250000000001,0.6712412780045063
185,0.05781250000000001,0.9134375,0.06406250000000001,3.123104339969525
186,0.029687500000000006,0.6990625,0.06406250000000001,0.042906735123580377
187,0.029687500000000006,0.9134375,0.13906250000000003,0
188,0.029687500000000006,0.6990625,0.13906250000000003,0.29105449307518294
189,0.05781250000000001,0.9134375,0.13906250000000003,0
190,0.05781250000000001,0.6990625,0.06406250000000001,1.4706420393020678
191,0.05781250000000001,0.6990625,0.13906250000000003,2.123833761620326
192,0.0240625,0.5765625,0.1296875,0.057414350280595446
193,0.0859375,0.5765625,0.1296875,3.715779250111683
194,0.0240625,0.9134375,0.1296875,0
195,0.0240625,0.5765625,0.1484375,0.06021149360348131
196,0.0240625,0.9134375,0.1484375,0
197,0.0859375,0.5765625,0.1484375,2.408119970154874
198,0.0859375,0.9134375,0.1296875,0
199,0.0859375,0.9134375,0.1484375,0
200,0.0690625,0.8215625,0.0546875,1.8452530118349488
201,0.0409375,0.8215625,0.0546875,0.9022265561432806
202,0.0690625,0.6684375,0.0546875,3.4301724202833785
203,0.0690625,0.8215625,0.0734375,3.6964897968049324
204,0.0690625,0.6684375,0.0734375,1.924173481516141
205,0.0409375,0.8215625,0.0734375,1.1769102020935884
206,0.0409375,0.6684375,0.0546875,1.092765195678166
207,0.0409375,0.6684375,0.0734375,0.9694710648477994
208,0.0915625,0.6990625,0.16718750000000002,2.1372648957412608
209,0.06343750000000001,0.6990625,0.16718750000000002,1.9522357669594925
210,0.0915625,0.5459375,0.16718750000000002,3.8722435128082022
211,0.0915625,0.6990625,0.11093750000000001,1.6148095826162894
213,0.06343750000000001,0.6990625,0.11093750000000001,2.485165245981611
212,0.0915625,0.5459375,0.11093750000000001,1.2321388273913771
214,0.06343750000000001,0.5459375,0.16718750000000002,1.6781229123054138
215,0.06343750000000001,0.5459375,0.11093750000000001,1.5507387939550767
217,0.018437500000000002,0.9440625,0.0921875,0
216,0.04656250000000001,0.9440625,0.0921875,0
218,0.04656250000000001,0.7909375000000001,0.0921875,1.3499421098013404
219,0.04656250000000001,0.9440625,0.18593750000000003,0
221,0.018437500000000002,0.9440625,0.18593750000000003,0
222,0.018437500000000002,0.7909375000000001,0.0921875,0.2289888455154512
220,0.04656250000000001,0.7909375000000001,0.18593750000000003,1.7628489743097335
223,0.018437500000000002,0.7909375000000001,0.18593750000000003,0.6598976076693336
224,0.035312500000000004,0.6378125,0.0734375,0.4387051654838615
225,0.029687500000000006,0.6378125,0.0734375,0.06932307174380646
226,0.035312500000000004,0.8521875,0.0734375,0.5393862310849801
227,0.035312500000000004,0.6378125,0.1296875,0.9849250088312346
229,0.029687500000000006,0.6378125,0.1296875,0.24807614967977204
228,0.035312500000000004,0.8521875,0.1296875,1.2893606341655155
230,0.029687500000000006,0.8521875,0.0734375,0.42256959444687886
231,0.029687500000000006,0.8521875,0.1296875,0.6445605202045659
234,0.08031250000000001,0.6071875,0.1484375,2.6140567614747137
232,0.08031250000000001,0.8828125,0.1484375,0
233,0.0746875,0.8828125,0.1484375,0
235,0.08031250000000001,0.8828125,0.0546875,2.7953002481029436
236,0.08031250000000001,0.6071875,0.0546875,3.4381339595896088
237,0.0746875,0.8828125,0.0546875,2.8480012484391772
239,0.0746875,0.6071875,0.0546875,3.2573116804365183
238,0.0746875,0.6071875,0.1484375,1.741737194232653
240,0.05781250000000001,0.5153125,0.11093750000000001,1.4669015204201816
241,0.052187500000000005,0.5153125,0.11093750000000001,1.6255068080234614
242,0.05781250000000001,0.7296875,0.11093750000000001,2.190648657993936
243,0.05781250000000001,0.5153125,0.0921875,1.6864160528261603
244,0.05781250000000001,0.7296875,0.0921875,1.722705573021607
245,0.052187500000000005,0.5153125,0.0921875,1.3468557669939425
246,0.052187500000000005,0.7296875,0.11093750000000001,1.692412159440731
247,0.052187500000000005,0.7296875,0.0921875,1.2470755493319223
248,0.012812500000000001,0.7603125,0.18593750000000003,0.2562572684711368
250,0.012812500000000001,0.9746874999999999,0.18593750000000003,0
249,0.09718750000000001,0.7603125,0.18593750000000003,6.674994798166929
251,0.012812500000000001,0.7603125,0.16718750000000002,0.3315838969110802
252,0.012812500000000001,0.9746874999999999,0.16718750000000002,0
253,0.09718750000000001,0.7603125,0.16718750000000002,2.6832815729997477
254,0.09718750000000001,0.9746874999999999,0.18593750000000003,0
256,0.018437500000000002,0.7296875,0.12031250000000002,0.04421058332927411
255,0.09718750000000001,0.9746874999999999,0.16718750000000002,0
257,0.0690625,0.7296875,0.12031250000000002,3.9383433253270526
258,0.018437500000000002,0.6378125,0.12031250000000002,0.04243122591520242
259,0.018437500000000002,0.7296875,0.1953125,0.3970506736584628
260,0.018437500000000002,0.6378125,0.1953125,0.20046019393857323
261,0.0690625,0.7296875,0.1953125,4.415880433163924
262,0.0690625,0.6378125,0.12031250000000002,1.9372463388618841
263,0.0690625,0.6378125,0.1953125,2.7595514767776543
264,0.06343750000000001,0.9746874999999999,0.1953125,0
265,0.0240625,0.9746874999999999,0.1953125,0
266,0.06343750000000001,0.8828125,0.1953125,0
267,0.06343750000000001,0.9746874999999999,0.12031250000000002,0
268,0.06343750000000001,0.8828125,0.12031250000000002,0
269,0.0240625,0.9746874999999999,0.12031250000000002,0
270,0.0240625,0.8828125,0.1953125,0
271,0.0240625,0.8828125,0.12031250000000002,0
272,0.0859375,0.6071875,0.08281250000000001,3.6186866137329083
273,0.0915625,0.6071875,0.08281250000000001,0.9851573273066331
274,0.0859375,0.7603125,0.08281250000000001,2.4584021247945267
275,0.0859375,0.6071875,0.08281250000000001,2.463061862745622
276,0.0859375,0.7603125,0.08281250000000001,2.245681166200304
277,0.0915625,0.6071875,0.08281250000000001,3.682684468091006
278,0.0915625,0.7603125,0.08281250000000001,4.04467960897722
279,0.0915625,0.7603125,0.08281250000000001,4.082917626049393
280,0.0409375,0.8521875,0.15781250000000002,0
282,0.0409375,0.5153125,0.15781250000000002,1.169334170263347
281,0.04656250000000001,0.8521875,0.15781250000000002,0
283,0.0409375,0.8521875,0.15781250000000002,0
284,0.0409375,0.5153125,0.15781250000000002,1.1616129164735511
286,0.04656250000000001,0.5153125,0.15781250000000002,1.223147994439822
287,0.04656250000000001,0.5153125,0.15781250000000002,1.2297950924708623
285,0.04656250000000001,0.8521875,0.15781250000000002,0
288,0.052187500000000005,0.5459375,0.1765625,1.0713007183173622
289,0.035312500000000004,0.5459375,0.1765625,0.4711000085894615
290,0.052187500000000005,0.5765625,0.1765625,1.2603934670025874
291,0.052187500000000005,0.5459375,0.1765625,1.2320183282454455
292,0.052187500000000005,0.5765625,0.1765625,1.5098518302643267
293,0.035312500000000004,0.5459375,0.1765625,0.8302247326800065
294,0.035312500000000004,0.5765625,0.1765625,1.3346846957920984
295,0.035312500000000004,0.5765625,0.1765625,1.1656351979970714
296,0.09718750000000001,0.7909375000000001,0.10156250000000001,2.1630234303194227
297,0.08031250000000001,0.7909375000000001,0.10156250000000001,2.1630234303194227
298,0.09718750000000001,0.8215625,0.10156250000000001,2.973213749463701
299,0.09718750000000001,0.7909375000000001,0.10156250000000001,2.3038429433649137
300,0.09718750000000001,0.8215625,0.10156250000000001,2.8480012484391772
301,0.08031250000000001,0.7909375000000001,0.10156250000000001,2.0808652046684806
302,0.08031250000000001,0.8215625,0.10156250000000001,4.541703041027635
303,0.08031250000000001,0.8215625,0.10156250000000001,2.7925673945423815
304,0.0746875,0.6684375,0.13906250000000003,4.034826287150556
305,0.012812500000000001,0.6684375,0.13906250000000003,0.026348217351526728
306,0.0746875,0.9440625,0.13906250000000003,0
307,0.0746875,0.6684375,0.06406250000000001,2.4613258739763224
309,0.012812500000000001,0.6684375,0.06406250000000001,0.01781682929154664
308,0.0746875,0.9440625,0.06406250000000001,0
310,0.012812500000000001,0.9440625,0.13906250000000003,0
312,0.029687500000000006,0.9134375,0.06406250000000001,1.0585510227180681
311,0.012812500000000001,0.9440625,0.06406250000000001,0
313,0.05781250000000001,0.9134375,0.06406250000000001,2.0883579556633824
314,0.029687500000000006,0.6990625,0.06406250000000001,0.2175588746177632
316,0.029687500000000006,0.6990625,0.13906250000000003,0.45454487207224337
315,0.029687500000000006,0.9134375,0.13906250000000003,0
317,0.05781250000000001,0.9134375,0.13906250000000003,0
318,0.05781250000000001,0.6990625,0.06406250000000001,1.9430606734075133
319,0.05781250000000001,0.6990625,0.13906250000000003,1.6568647281276578
320,0.0240625,0.5765625,0.1296875,0.04705421213970424
321,0.0859375,0.5765625,0.1296875,1.0078505877762416
322,0.0240625,0.9134375,0.1296875,0
323,0.0240625,0.5765625,0.1484375,0.2197758919406995
324,0.0240625,0.9134375,0.1484375,0
325,0.0859375,0.5765625,0.1484375,1.3394305036373009
326,0.0859375,0.9134375,0.1296875,0
327,0.0859375,0.9134375,0.1484375,0
329,0.0409375,0.8215625,0.0546875,1.6993499794927214
328,0.0690625,0.8215625,0.0546875,2.5276065591097225
330,0.0690625,0.6684375,0.0546875,1.5054837054473247
331,0.0690625,0.8215625,0.0734375,2.403108788049949
333,0.0409375,0.8215625,0.0734375,1.172198646121312
332,0.0690625,0.6684375,0.0734375,3.292636361096042
334,0.0409375,0.6684375,0.0546875,0.6983498817311724
335,0.0409375,0.6684375,0.0734375,0.3850278577967837
336,0.0915625,0.6990625,0.16718750000000002,4.735881272643078
337,0.06343750000000001,0.6990625,0.16718750000000002,3.854578886181431
338,0.0915625,0.5459375,0.16718750000000002,1.228903609577518
339,0.0915625,0.6990625,0.11093750000000001,1.6975443454395316
340,0.0915625,0.5459375,0.11093750000000001,1.1092339699089637
341,0.06343750000000001,0.6990625,0.11093750000000001,2.779023348731826
342,0.06343750000000001,0.5459375,0.16718750000000002,2.13415547851916
343,0.06343750000000001,0.5459375,0.11093750000000001,1.9972885256330117
344,0.04656250000000001,0.9440625,0.0921875,0
345,0.018437500000000002,0.9440625,0.0921875,0
346,0.04656250000000001,0.7909375000000001,0.0921875,2.0197554929365116
347,0.04656250000000001,0.9440625,0.18593750000000003,0
348,0.04656250000000001,0.7909375000000001,0.18593750000000003,1.6393821898803953
349,0.018437500000000002,0.9440625,0.18593750000000003,0
350,0.018437500000000002,0.7909375000000001,0.0921875,0.4055771179949457
352,0.035312500000000004,0.6378125,0.0734375,0.1335027118810356
351,0.018437500000000002,0.7909375000000001,0.18593750000000003,0.543589931421893
353,0.029687500000000006,0.6378125,0.0734375,0.21881217903336747
354,0.035312500000000004,0.8521875,0.0734375,1.0499557029912228
355,0.035312500000000004,0.6378125,0.1296875,1.063753887995182
357,0.029687500000000006,0.6378125,0.1296875,0.7602002081622381
356,0.035312500000000004,0.8521875,0.1296875,1.6290470284500602
358,0.029687500000000006,0.8521875,0.0734375,0.40398315472619517
359,0.029687500000000006,0.8521875,0.1296875,0.8843767431559354
362,0.08031250000000001,0.6071875,0.1484375,2.837349528998338
360,0.08031250000000001,0.8828125,0.1484375,0
361,0.0746875,0.8828125,0.1484375,0
363,0.08031250000000001,0.8828125,0.0546875,3.04138126514911
364,0.08031250000000001,0.6071875,0.0546875,1.7728965408690422
366,0.0746875,0.6071875,0.1484375,2.686773006627688
365,0.0746875,0.8828125,0.0546875,2.8809868432762684
367,0.0746875,0.6071875,0.0546875,2.3726055782327773
369,0.052187500000000005,0.5153125,0.11093750000000001,1.1457258349101662
368,0.05781250000000001,0.5153125,0.11093750000000001,1.4480518066211212
370,0.05781250000000001,0.7296875,0.11093750000000001,1.7620567644641174
371,0.05781250000000001,0.5153125,0.0921875,1.4830298745189248
373,0.052187500000000005,0.5153125,0.0921875,1.7245368659352884
372,0.05781250000000001,0.7296875,0.0921875,1.6181749865964625
374,0.052187500000000005,0.7296875,0.11093750000000001,1.7877184178178012
375,0.052187500000000005,0.7296875,0.0921875,1.1762077087507952
376,0.012812500000000001,0.7603125,0.18593750000000003,0.43244190109050373
377,0.09718750000000001,0.7603125,0.18593750000000003,0
378,0.012812500000000001,0.9746874999999999,0.18593750000000003,0
380,0.012812500000000001,0.9746874999999999,0.16718750000000002,0
379,0.012812500000000001,0.7603125,0.16718750000000002,0.17717331747619586
381,0.09718750000000001,0.7603125,0.16718750000000002,3.559026084010437
382,0.09718750000000001,0.9746874999999999,0.18593750000000003,0
384,0.018437500000000002,0.7296875,0.12031250000000002,0.03689829494877323
383,0.09718750000000001,0.9746874999999999,0.16718750000000002,0
386,0.018437500000000002,0.6378125,0.12031250000000002,0.05180841000545836
385,0.0690625,0.7296875,0.12031250000000002,1.9090655436626578
387,0.018437500000000002,0.7296875,0.1953125,0.4999526111698954
388,0.018437500000000002,0.6378125,0.1953125,0.07927370307989906
389,0.0690625,0.7296875,0.1953125,3.3424354892802346
390,0.0690625,0.6378125,0.12031250000000002,1.8753002213505312
391,0.0690625,0.6378125,0.1953125,2.893540832011072
392,0.06343750000000001,0.9746874999999999,0.1953125,0
393,0.0240625,0.9746874999999999,0.1953125,0
394,0.06343750000000001,0.8828125,0.1953125,0
395,0.06343750000000001,0.9746874999999999,0.12031250000000002,0
396,0.06343750000000001,0.8828125,0.12031250000000002,0
397,0.0240625,0.9746874999999999,0.12031250000000002,0
398,0.0240625,0.8828125,0.1953125,0
399,0.0240625,0.8828125,0.12031250000000002,0
400,0.0859375,0.6071875,0.08281250000000001,1.112820676365703
401,0.0915625,0.6071875,0.08281250000000001,0.9759000729485331
402,0.0859375,0.7603125,0.08281250000000001,3.557440629426356
403,0.0859375,0.6071875,0.08281250000000001,3.7408197632691387
404,0.0859375,0.7603125,0.08281250000000001,3.9056950906197607
405,0.0915625,0.6071875,0.08281250000000001,1.1888796840080544
406,0.0915625,0.7603125,0.08281250000000001,1.7043362064926935
408,0.0409375,0.8521875,0.15781250000000002,0
407,0.0915625,0.7603125,0.08281250000000001,1.979898987322333
409,0.04656250000000001,0.8521875,0.15781250000000002,0
410,0.0409375,0.5153125,0.15781250000000002,1.1833476892974657
412,0.0409375,0.5153125,0.15781250000000002,0.6221083838633246
411,0.0409375,0.8521875,0.15781250000000002,0
413,0.04656250000000001,0.8521875,0.15781250000000002,0
414,0.04656250000000001,0.5153125,0.15781250000000002,1.2480893788023215
415,0.04656250000000001,0.5153125,0.15781250000000002,1.3107907706588586
416,0.052187500000000005,0.5459375,0.1765625,1.4152641237016712
417,0.035312500000000004,0.5459375,0.1765625,0.6836549630361478
418,0.052187500000000005,0.5765625,0.1765625,2.0284378041552693
419,0.052187500000000005,0.5459375,0.1765625,1.4492412829332366
421,0.035312500000000004,0.5459375,0.1765625,0.8649566724329282
420,0.052187500000000005,0.5765625,0.1765625,1.985182333282859
422,0.035312500000000004,0.5765625,0.1765625,0.8974649938074665
423,0.035312500000000004,0.5765625,0.1765625,0.68896968358318
425,0.08031250000000001,0.7909375000000001,0.10156250000000001,4.794343674820871
424,0.09718750000000001,0.7909375000000001,0.10156250000000001,2.3861847269271523
426,0.09718750000000001,0.8215625,0.10156250000000001,5.131601439446885
427,0.09718750000000001,0.7909375000000001,0.10156250000000001,3.04138126514911
428,0.09718750000000001,0.8215625,0.10156250000000001,5.131601439446885
429,0.08031250000000001,0.7909375000000001,0.10156250000000001,3.9925650140843993
430,0.08031250000000001,0.8215625,0.10156250000000001,3.0413812651491097
431,0.08031250000000001,0.8215625,0.10156250000000001,3.89525485438666
433,0.012812500000000001,0.6684375,0.13906250000000003,0.04239161815050094
432,0.0746875,0.6684375,0.13906250000000003,1.7423245880874756
435,0.0746875,0.6684375,0.06406250000000001,3.6292800327716805
434,0.0746875,0.9440625,0.13906250000000003,0
437,0.012812500000000001,0.6684375,0.06406250000000001,0.02773466315278936
436,0.0746875,0.9440625,0.06406250000000001,0
438,0.012812500000000001,0.9440625,0.13906250000000003,0
439,0.012812500000000001,0.9440625,0.06406250000000001,0
440,0.029687500000000006,0.9134375,0.06406250000000001,1.8990557620354442
441,0.05781250000000001,0.9134375,0.06406250000000001,2.9114243490305567
442,0.029687500000000006,0.6990625,0.06406250000000001,0.09163985373425733
443,0.029687500000000006,0.9134375,0.13906250000000003,0
444,0.029687500000000006,0.6990625,0.13906250000000003,0.4252096991078645
445,0.05781250000000001,0.9134375,0.13906250000000003,0
446,0.05781250000000001,0.6990625,0.06406250000000001,1.2458458191096327
447,0.05781250000000001,0.6990625,0.13906250000000003,2.6333246478193386
448,0.0240625,0.5765625,0.1296875,0.1739290580510017
449,0.0859375,0.5765625,0.1296875,1.2665997181560906
450,0.0240625,0.9134375,0.1296875,0
451,0.0240625,0.5765625,0.1484375,0.03869663625147988
452,0.0240625,0.9134375,0.1484375,0
453,0.0859375,0.5765625,0.1484375,1.7630834144447367
455,0.0859375,0.9134375,0.1484375,0
454,0.0859375,0.9134375,0.1296875,0
456,0.0690625,0.8215625,0.0546875,2.380621351110824
457,0.0409375,0.8215625,0.0546875,1.4508504324193876
458,0.0690625,0.6684375,0.0546875,1.1596972289959653
459,0.0690625,0.8215625,0.0734375,3.384748778906112
460,0.0690625,0.6684375,0.0734375,2.3271832394448952
461,0.0409375,0.8215625,0.0734375,0.7289605243365735
463,0.0409375,0.6684375,0.0734375,1.1670990116689468
462,0.0409375,0.6684375,0.0546875,0.8235584604963098
464,0.0915625,0.6990625,0.16718750000000002,2.1134489978863145
465,0.06343750000000001,0.6990625,0.16718750000000002,3.6313157799382876
466,0.0915625,0.5459375,0.16718750000000002,1.4604820287808546
467,0.0915625,0.6990625,0.11093750000000001,1.5806451612903225
468,0.0915625,0.5459375,0.11093750000000001,1.0359395405656244
469,0.06343750000000001,0.6990625,0.11093750000000001,2.5400497948661416
470,0.06343750000000001,0.5459375,0.16718750000000002,3.066854590218314
471,0.06343750000000001,0.5459375,0.11093750000000001,1.8640611710671693
472,0.04656250000000001,0.9440625,0.0921875,0
473,0.018437500000000002,0.9440625,0.0921875,0
474,0.04656250000000001,0.7909375000000001,0.0921875,2.1986040298696037
475,0.04656250000000001,0.9440625,0.18593750000000003,0
476,0.04656250000000001,0.7909375000000001,0.18593750000000003,1.6640408310461259
477,0.018437500000000002,0.9440625,0.18593750000000003,0
478,0.018437500000000002,0.7909375000000001,0.0921875,0.05905727732501867
479,0.018437500000000002,0.7909375000000001,0.18593750000000003,0.487797559285138
480,0.035312500000000004,0.6378125,0.0734375,0.5333699067038877
481,0.029687500000000006,0.6378125,0.0734375,0.2244242487605994
482,0.035312500000000004,0.8521875,0.0734375,0.44800105709410376
483,0.035312500000000004,0.6378125,0.1296875,0.7513111022670212
484,0.035312500000000004,0.8521875,0.1296875,1.309422396021066
485,0.029687500000000006,0.6378125,0.1296875,0.3505634449019326
486,0.029687500000000006,0.8521875,0.0734375,0.3712999104010806
487,0.029687500000000006,0.8521875,0.1296875,0.9022272688869073
488,0.08031250000000001,0.8828125,0.1484375,0
489,0.0746875,0.8828125,0.1484375,0
490,0.08031250000000001,0.6071875,0.1484375,3.9693692038839483
491,0.08031250000000001,0.8828125,0.0546875,2.7385635295267416
492,0.08031250000000001,0.6071875,0.0546875,1.1941672843276943
493,0.0746875,0.8828125,0.0546875,3.237282811247729
494,0.0746875,0.6071875,0.1484375,2.531753870483481
495,0.0746875,0.6071875,0.0546875,1.8141249249953695
497,0.052187500000000005,0.5153125,0.11093750000000001,1.372055784669309
496,0.05781250000000001,0.5153125,0.11093750000000001,2.2622476591691414
498,0.05781250000000001,0.7296875,0.11093750000000001,2.5285071933352468
499,0.05781250000000001,0.5153125,0.0921875,1.5760919825459403
501,0.052187500000000005,0.5153125,0.0921875,1.210179459761685
500,0.05781250000000001,0.7296875,0.0921875,2.3226588394565515
502,0.052187500000000005,0.7296875,0.11093750000000001,1.3481683663587234
504,0.012812500000000001,0.7603125,0.18593750000000003,0.31306540242877495
503,0.052187500000000005,0.7296875,0.0921875,1.6462504803941318
505,0.09718750000000001,0.7603125,0.18593750000000003,3.5590260840104366
506,0.012812500000000001,0.9746874999999999,0.18593750000000003,0
507,0.012812500000000001,0.7603125,0.16718750000000002,0.2358421086051417
508,0.012812500000000001,0.9746874999999999,0.16718750000000002,0
509,0.09718750000000001,0.7603125,0.16718750000000002,5.131601439446885
510,0.09718750000000001,0.9746874999999999,0.18593750000000003,0
512,0.018437500000000002,0.7296875,0.12031250000000002,0.048367343867408014
511,0.09718750000000001,0.9746874999999999,0.16718750000000002,0
513,0.0690625,0.7296875,0.12031250000000002,2.5900945035681
514,0.018437500000000002,0.6378125,0.12031250000000002,0.033072161272420665
515,0.018437500000000002,0.7296875,0.1953125,0.3371476668063785
516,0.018437500000000002,0.6378125,0.1953125,0.09823854758884701
517,0.0690625,0.7296875,0.1953125,2.717024516308644
518,0.0690625,0.6378125,0.12031250000000002,3.9365136277607555
519,0.0690625,0.6378125,0.1953125,2.633497285906769
520,0.06343750000000001,0.9746874999999999,0.1953125,0
521,0.0240625,0.9746874999999999,0.1953125,0
522,0.06343750000000001,0.8828125,0.1953125,0
523,0.06343750000000001,0.9746874999999999,0.12031250000000002,0
524,0.06343750000000001,0.8828125,0.12031250000000002,0
525,0.0240625,0.9746874999999999,0.12031250000000002,0
526,0.0240625,0.8828125,0.1953125,0
527,0.0240625,0.8828125,0.12031250000000002,0
528,0.0859375,0.6071875,0.08281250000000001,1.3466666666666667
529,0.0915625,0.6071875,0.08281250000000001,1.2297134308249298
531,0.0859375,0.6071875,0.08281250000000001,2.2223673079318393
530,0.0859375,0.7603125,0.08281250000000001,1.6381678027601447
533,0.0915625,0.6071875,0.08281250000000001,1.1087718430768343
532,0.0859375,0.7603125,0.08281250000000001,1.7358422403601528
534,0.0915625,0.7603125,0.08281250000000001,1.6400071669981586
535,0.0915625,0.7603125,0.08281250000000001,2.717024516308644
536,0.0409375,0.8521875,0.15781250000000002,0
537,0.04656250000000001,0.8521875,0.15781250000000002,0
538,0.0409375,0.5153125,0.15781250000000002,1.2003285458354573
539,0.0409375,0.8521875,0.15781250000000002,0
540,0.0409375,0.5153125,0.15781250000000002,0.5404085175620926
542,0.04656250000000001,0.5153125,0.15781250000000002,1.4476329936637853
541,0.04656250000000001,0.8521875,0.15781250000000002,0
543,0.04656250000000001,0.5153125,0.15781250000000002,1.1837176832452603
544,0.052187500000000005,0.5459375,0.1765625,1.4860634659719212
545,0.035312500000000004,0.5459375,0.1765625,0.4582336947108111
546,0.052187500000000005,0.5765625,0.1765625,2.319584306634735
548,0.052187500000000005,0.5765625,0.1765625,1.9623028115504373
547,0.052187500000000005,0.5459375,0.1765625,1.595493841991711
549,0.035312500000000004,0.5459375,0.1765625,0.7543071583659497
550,0.035312500000000004,0.5765625,0.1765625,0.9419672087194749
551,0.035312500000000004,0.5765625,0.1765625,1.0592907412854864
552,0.09718750000000001,0.7909375000000001,0.10156250000000001,2.8480012484391772
553,0.08031250000000001,0.7909375000000001,0.10156250000000001,3.9209511405201845
554,0.09718750000000001,0.8215625,0.10156250000000001,2.6832815729997477
555,0.09718750000000001,0.7909375000000001,0.10156250000000001,2.8480012484391772
556,0.09718750000000001,0.8215625,0.10156250000000001,4.14996653266291
557,0.08031250000000001,0.7909375000000001,0.10156250000000001,4.5558586048662635
558,0.08031250000000001,0.8215625,0.10156250000000001,5.208067486328182
559,0.08031250000000001,0.8215625,0.10156250000000001,4.046710734484866
561,0.012812500000000001,0.6684375,0.13906250000000003,0.036983684749933486
560,0.0746875,0.6684375,0.13906250000000003,3.0772070821401916
562,0.0746875,0.9440625,0.13906250000000003,0
563,0.0746875,0.6684375,0.06406250000000001,3.7199051752990884
565,0.012812500000000001,0.6684375,0.06406250000000001,0.019221959845566235
564,0.0746875,0.9440625,0.06406250000000001,0
566,0.012812500000000001,0.9440625,0.13906250000000003,0
567,0.012812500000000001,0.9440625,0.06406250000000001,0
568,0.029687500000000006,0.9134375,0.06406250000000001,0.7200965859004946
569,0.05781250000000001,0.9134375,0.06406250000000001,2.7283605604460535
570,0.029687500000000006,0.6990625,0.06406250000000001,0.05339410115291342
572,0.029687500000000006,0.6990625,0.13906250000000003,0.4720477378584826
571,0.029687500000000006,0.9134375,0.13906250000000003,0
574,0.05781250000000001,0.6990625,0.06406250000000001,1.4496157941891639
573,0.05781250000000001,0.9134375,0.13906250000000003,0
576,0.0240625,0.5765625,0.1296875,0.23926641079196356
575,0.05781250000000001,0.6990625,0.13906250000000003,1.7400025457183788
577,0.0859375,0.5765625,0.1296875,0.9195476426134815
578,0.0240625,0.9134375,0.1296875,0
579,0.0240625,0.5765625,0.1484375,0.2308596924405958
580,0.0240625,0.9134375,0.1484375,0
581,0.0859375,0.5765625,0.1484375,1.2697197980857704
582,0.0859375,0.9134375,0.1296875,0
583,0.0859375,0.9134375,0.1484375,0
584,0.0690625,0.8215625,0.0546875,3.6791859208400703
585,0.0409375,0.8215625,0.0546875,0.7567177313402728
586,0.0690625,0.6684375,0.0546875,1.8356378323217657
587,0.0690625,0.8215625,0.0734375,2.13831674488014
588,0.0690625,0.6684375,0.0734375,1.460194831804456
589,0.0409375,0.8215625,0.0734375,0.9098346068878413
590,0.0409375,0.6684375,0.0546875,0.4724043421968866
591,0.0409375,0.6684375,0.0734375,0.223348600948367
592,0.0915625,0.6990625,0.16718750000000002,2.1630234303194227
593,0.06343750000000001,0.6990625,0.16718750000000002,3.837515459398611
594,0.0915625,0.5459375,0.16718750000000002,1.2143404674633331
595,0.0915625,0.6990625,0.11093750000000001,3.454442320426317
596,0.0915625,0.5459375,0.11093750000000001,1.0121216546949479
597,0.06343750000000001,0.6990625,0.11093750000000001,2.4947661881092853
598,0.06343750000000001,0.5459375,0.16718750000000002,2.490297430573631
599,0.06343750000000001,0.5459375,0.11093750000000001,1.8086959315544942
600,0.04656250000000001,0.9440625,0.0921875,0
601,0.018437500000000002,0.9440625,0.0921875,0
602,0.04656250000000001,0.7909375000000001,0.0921875,1.3658593552079699
603,0.04656250000000001,0.9440625,0.18593750000000003,0
604,0.04656250000000001,0.7909375000000001,0.18593750000000003,1.1859496786301154
605,0.018437500000000002,0.9440625,0.18593750000000003,0
606,0.018437500000000002,0.7909375000000001,0.0921875,0.04856125172013064
608,0.035312500000000004,0.6378125,0.0734375,0.9467974630298933
607,0.018437500000000002,0.7909375000000001,0.18593750000000003,0.645441778204251
609,0.029687500000000006,0.6378125,0.0734375,0.04307765059645091
610,0.035312500000000004,0.8521875,0.0734375,1.289587639194445
611,0.035312500000000004,0.6378125,0.1296875,0.45009302263120066
612,0.035312500000000004,0.8521875,0.1296875,1.7557506984724416
613,0.029687500000000006,0.6378125,0.1296875,0.22889107911925316
614,0.029687500000000006,0.8521875,0.0734375,0.4952391051170697
615,0.029687500000000006,0.8521875,0.1296875,0.9397050598723167
616,0.08031250000000001,0.8828125,0.1484375,0
617,0.0746875,0.8828125,0.1484375,0
618,0.08031250000000001,0.6071875,0.1484375,2.9200613853190176
619,0.08031250000000001,0.8828125,0.0546875,2.3622546250521443
620,0.08031250000000001,0.6071875,0.0546875,3.2858208699819436
622,0.0746875,0.6071875,0.1484375,3.3430875948240817
621,0.0746875,0.8828125,0.0546875,2.7946229361707995
623,0.0746875,0.6071875,0.0546875,1.6830748632893593
624,0.05781250000000001,0.5153125,0.11093750000000001,2.0402839265729664
625,0.052187500000000005,0.5153125,0.11093750000000001,1.2975829974793684
626,0.05781250000000001,0.7296875,0.11093750000000001,2.20944747256952
627,0.05781250000000001,0.5153125,0.0921875,1.1714059932815477
628,0.05781250000000001,0.7296875,0.0921875,1.9885913911144724
629,0.052187500000000005,0.5153125,0.0921875,1.1697330070880785
630,0.052187500000000005,0.7296875,0.11093750000000001,1.6875002533545722
631,0.052187500000000005,0.7296875,0.0921875,1.8382693978132694
632,0.012812500000000001,0.7603125,0.18593750000000003,0.25831010117226716
634,0.012812500000000001,0.9746874999999999,0.18593750000000003,0
633,0.09718750000000001,0.7603125,0.18593750000000003,5.131601439446885
635,0.012812500000000001,0.7603125,0.16718750000000002,0.3590687113733279
636,0.012812500000000001,0.9746874999999999,0.16718750000000002,0
637,0.09718750000000001,0.7603125,0.16718750000000002,5.131601439446885
640,0.018437500000000002,0.7296875,0.12031250000000002,0.3495934092095669
638,0.09718750000000001,0.9746874999999999,0.18593750000000003,0
639,0.09718750000000001,0.9746874999999999,0.16718750000000002,0
641,0.0690625,0.7296875,0.12031250000000002,2.814458249988744
642,0.018437500000000002,0.6378125,0.12031250000000002,0.06048858427540454
643,0.018437500000000002,0.7296875,0.1953125,0.40633526989471686
644,0.018437500000000002,0.6378125,0.1953125,0.08465016903465095
645,0.0690625,0.7296875,0.1953125,2.866868485166804
646,0.0690625,0.6378125,0.12031250000000002,3.519527345814637
647,0.0690625,0.6378125,0.1953125,2.7734061661960876
648,0.06343750000000001,0.9746874999999999,0.1953125,0
649,0.0240625,0.9746874999999999,0.1953125,0
650,0.06343750000000001,0.8828125,0.1953125,0
651,0.06343750000000001,0.9746874999999999,0.12031250000000002,0
652,0.06343750000000001,0.8828125,0.12031250000000002,0
653,0.0240625,0.9746874999999999,0.12031250000000002,0
654,0.0240625,0.8828125,0.1953125,0
655,0.0240625,0.8828125,0.12031250000000002,0
656,0.0859375,0.6071875,0.08281250000000001,2.4717424878248595
657,0.0915625,0.6071875,0.08281250000000001,3.5536479325946733
658,0.0859375,0.7603125,0.08281250000000001,1.9798989873223332
659,0.0859375,0.6071875,0.08281250000000001,0.9866606249114617
661,0.0915625,0.6071875,0.08281250000000001,1.0051143053724212
660,0.0859375,0.7603125,0.08281250000000001,2.0286231560501222
662,0.0915625,0.7603125,0.08281250000000001,3.680168571357919
663,0.0915625,0.7603125,0.08281250000000001,2.03100960115899
666,0.0409375,0.5153125,0.15781250000000002,1.1261424386073642
664,0.0409375,0.8521875,0.15781250000000002,0
665,0.04656250000000001,0.8521875,0.15781250000000002,0
667,0.0409375,0.8521875,0.15781250000000002,0
668,0.0409375,0.5153125,0.15781250000000002,0.9806945334471733
669,0.04656250000000001,0.8521875,0.15781250000000002,0
670,0.04656250000000001,0.5153125,0.15781250000000002,1.0939070315424395
671,0.04656250000000001,0.5153125,0.15781250000000002,1.296691470795032
672,0.052187500000000005,0.5459375,0.1765625,1.4779462360563187
673,0.035312500000000004,0.5459375,0.1765625,0.45770318904043183
674,0.052187500000000005,0.5765625,0.1765625,1.769400951155756
676,0.052187500000000005,0.5765625,0.1765625,1.7843958555436288
675,0.052187500000000005,0.5459375,0.1765625,1.5187721128433673
677,0.035312500000000004,0.5459375,0.1765625,1.3934719371716526
678,0.035312500000000004,0.5765625,0.1765625,1.1684835323876603
679,0.035312500000000004,0.5765625,0.1765625,0.48870383198543427
681,0.08031250000000001,0.7909375000000001,0.10156250000000001,2.4340181684704914
680,0.09718750000000001,0.7909375000000001,0.10156250000000001,2.50561499613882
682,0.09718750000000001,0.8215625,0.10156250000000001,3.2732683535398857
683,0.09718750000000001,0.7909375000000001,0.10156250000000001,2.6923076923076925
684,0.09718750000000001,0.8215625,0.10156250000000001,2.5056149961388203
685,0.08031250000000001,0.7909375000000001,0.10156250000000001,1.9632625906892842
686,0.08031250000000001,0.8215625,0.10156250000000001,3.5001714243733835
687,0.08031250000000001,0.8215625,0.10156250000000001,3.183677507087645
688,0.0746875,0.6684375,0.13906250000000003,2.6340309635679247
689,0.012812500000000001,0.6684375,0.13906250000000003,0.024801034535146572
690,0.0746875,0.9440625,0.13906250000000003,0
691,0.0746875,0.6684375,0.06406250000000001,3.442601777632731
693,0.012812500000000001,0.6684375,0.06406250000000001,0.015077125524722833
694,0.012812500000000001,0.9440625,0.13906250000000003,0
695,0.012812500000000001,0.9440625,0.06406250000000001,0
696,0.029687500000000006,0.9134375,0.06406250000000001,1.1144936460517068
698,0.029687500000000006,0.6990625,0.06406250000000001,0.06823785997046873
697,0.05781250000000001,0.9134375,0.06406250000000001,3.249655822647741
699,0.029687500000000006,0.9134375,0.13906250000000003,0
700,0.029687500000000006,0.6990625,0.13906250000000003,0.5978136079327341
702,0.05781250000000001,0.6990625,0.06406250000000001,1.3520470155911355
701,0.05781250000000001,0.9134375,0.13906250000000003,0
703,0.05781250000000001,0.6990625,0.13906250000000003,1.9829757482520307
704,0.0240625,0.5765625,0.1296875,0.06408238237223153
705,0.0859375,0.5765625,0.1296875,3.1585279132688053
706,0.0240625,0.9134375,0.1296875,0
707,0.0240625,0.5765625,0.1484375,0.3198212045730925
708,0.0240625,0.9134375,0.1484375,0
709,0.0859375,0.5765625,0.1484375,1.0060781595989796
710,0.0859375,0.9134375,0.1296875,0
711,0.0859375,0.9134375,0.1484375,0
712,0.0690625,0.8215625,0.0546875,1.9526916131418068
713,0.0409375,0.8215625,0.0546875,0.881059834172908
714,0.0690625,0.6684375,0.0546875,3.573191376698626
715,0.0690625,0.8215625,0.0734375,2.7426529742064663
716,0.0690625,0.6684375,0.0734375,1.8361661411054169
717,0.0409375,0.8215625,0.0734375,1.0025927893948048
718,0.0409375,0.6684375,0.0546875,0.9565778073589635
719,0.0409375,0.6684375,0.0734375,0.7288916839799423
720,0.0915625,0.6990625,0.16718750000000002,1.4891601987371854
721,0.06343750000000001,0.6990625,0.16718750000000002,2.166666666666667
722,0.0915625,0.5459375,0.16718750000000002,2.2776038339396805
723,0.0915625,0.6990625,0.11093750000000001,1.588533128392354
724,0.0915625,0.5459375,0.11093750000000001,3.8671284277029017
725,0.06343750000000001,0.6990625,0.11093750000000001,2.644270744094538
726,0.06343750000000001,0.5459375,0.16718750000000002,1.9091950297769948
727,0.06343750000000001,0.5459375,0.11093750000000001,1.6518700701548195
729,0.018437500000000002,0.9440625,0.0921875,0
728,0.04656250000000001,0.9440625,0.0921875,0
730,0.04656250000000001,0.7909375000000001,0.0921875,1.7950110191238233
731,0.04656250000000001,0.9440625,0.18593750000000003,0
732,0.04656250000000001,0.7909375000000001,0.18593750000000003,2.692219692929981
733,0.018437500000000002,0.9440625,0.18593750000000003,0
734,0.018437500000000002,0.7909375000000001,0.0921875,0.08237920289671033
735,0.018437500000000002,0.7909375000000001,0.18593750000000003,0.6123540334982874
736,0.035312500000000004,0.6378125,0.0734375,0.4643983233274578
737,0.029687500000000006,0.6378125,0.0734375,0.06297899620994872
738,0.035312500000000004,0.8521875,0.0734375,0.6286956313783697
739,0.035312500000000004,0.6378125,0.1296875,0.6233742386231896
740,0.035312500000000004,0.8521875,0.1296875,1.6014001578017623
741,0.029687500000000006,0.6378125,0.1296875,0.2987949551010545
742,0.029687500000000006,0.8521875,0.0734375,1.2509663364016317
743,0.029687500000000006,0.8521875,0.1296875,0.9864891460176128
744,0.08031250000000001,0.8828125,0.1484375,0
745,0.0746875,0.8828125,0.1484375,0
746,0.08031250000000001,0.6071875,0.1484375,3.749304398933163
747,0.08031250000000001,0.8828125,0.0546875,2.713089004646591
748,0.08031250000000001,0.6071875,0.0546875,3.171852476149211
749,0.0746875,0.8828125,0.0546875,2.8846067668471207
750,0.0746875,0.6071875,0.1484375,2.721953623445112
752,0.05781250000000001,0.5153125,0.11093750000000001,1.5051511594586655
753,0.052187500000000005,0.5153125,0.11093750000000001,0.9200194067342381
751,0.0746875,0.6071875,0.0546875,2.3966035066382623
754,0.05781250000000001,0.7296875,0.11093750000000001,2.407102931440888
755,0.05781250000000001,0.5153125,0.0921875,1.6029650109791584
757,0.052187500000000005,0.5153125,0.0921875,1.1769504252366296
756,0.05781250000000001,0.7296875,0.0921875,3.429900048583493
758,0.052187500000000005,0.7296875,0.11093750000000001,1.4525669745526224
759,0.052187500000000005,0.7296875,0.0921875,1.6009988624562015
760,0.012812500000000001,0.7603125,0.18593750000000003,0.2967726102599623
761,0.09718750000000001,0.7603125,0.18593750000000003,5.131601439446885
762,0.012812500000000001,0.9746874999999999,0.18593750000000003,0
763,0.012812500000000001,0.7603125,0.16718750000000002,0.21344405745799377
764,0.012812500000000001,0.9746874999999999,0.16718750000000002,0
765,0.09718750000000001,0.7603125,0.16718750000000002,9.0
766,0.09718750000000001,0.9746874999999999,0.18593750000000003,0
768,0.018437500000000002,0.7296875,0.12031250000000002,0.07632938531543239
767,0.09718750000000001,0.9746874999999999,0.16718750000000002,0
769,0.0690625,0.7296875,0.12031250000000002,2.2022397614894933
770,0.018437500000000002,0.6378125,0.12031250000000002,0.07033944782461893
771,0.018437500000000002,0.7296875,0.1953125,0.2880128173869308
772,0.018437500000000002,0.6378125,0.1953125,0.17657581983794868
773,0.0690625,0.7296875,0.1953125,2.7946229361707995
774,0.0690625,0.6378125,0.12031250000000002,1.9944856720906992
775,0.0690625,0.6378125,0.1953125,2.934818462801102
776,0.06343750000000001,0.9746874999999999,0.1953125,0
777,0.0240625,0.9746874999999999,0.1953125,0
778,0.06343750000000001,0.8828125,0.1953125,0
779,0.06343750000000001,0.9746874999999999,0.12031250000000002,0
780,0.06343750000000001,0.8828125,0.12031250000000002,0
781,0.0240625,0.9746874999999999,0.12031250000000002,0
782,0.0240625,0.8828125,0.1953125,0
783,0.0240625,0.8828125,0.12031250000000002,0
784,0.0859375,0.6071875,0.08281250000000001,2.5583148872169033
785,0.0915625,0.6071875,0.08281250000000001,1.5934323424405947
786,0.0859375,0.7603125,0.08281250000000001,1.4649649992336309
787,0.0859375,0.6071875,0.08281250000000001,3.321739838632092
789,0.0915625,0.6071875,0.08281250000000001,2.6348470318399633
788,0.0859375,0.7603125,0.08281250000000001,2.183031149571623
790,0.0915625,0.7603125,0.08281250000000001,1.9581795423763892
791,0.0915625,0.7603125,0.08281250000000001,3.7093420201670853
792,0.0409375,0.8521875,0.15781250000000002,0
793,0.04656250000000001,0.8521875,0.15781250000000002,0
794,0.0409375,0.5153125,0.15781250000000002,0.6373065345598142
795,0.0409375,0.8521875,0.15781250000000002,0
796,0.0409375,0.5153125,0.15781250000000002,0.9398382609816507
798,0.04656250000000001,0.5153125,0.15781250000000002,1.3239337733573258
797,0.04656250000000001,0.8521875,0.15781250000000002,0
799,0.04656250000000001,0.5153125,0.15781250000000002,1.2357991484110835
800,0.052187500000000005,0.5459375,0.1765625,1.3847983371826529
801,0.035312500000000004,0.5459375,0.1765625,0.6109022196008522
802,0.052187500000000005,0.5765625,0.1765625,2.101344941732763
803,0.052187500000000005,0.5459375,0.1765625,1.6841017857747258
804,0.052187500000000005,0.5765625,0.1765625,1.5863866405034481
805,0.035312500000000004,0.5459375,0.1765625,0.43599372487705407
806,0.035312500000000004,0.5765625,0.1765625,0.834194683931609
807,0.035312500000000004,0.5765625,0.1765625,0.7289812567755429
809,0.08031250000000001,0.7909375000000001,0.10156250000000001,2.873406333617873
808,0.09718750000000001,0.7909375000000001,0.10156250000000001,2.4433583445741234
810,0.09718750000000001,0.8215625,0.10156250000000001,3.924283374069716
811,0.09718750000000001,0.7909375000000001,0.10156250000000001,2.4152294576982394
813,0.08031250000000001,0.7909375000000001,0.10156250000000001,2.6643508462848446
812,0.09718750000000001,0.8215625,0.10156250000000001,2.7946229361707995
814,0.08031250000000001,0.8215625,0.10156250000000001,4.772777076571276
815,0.08031250000000001,0.8215625,0.10156250000000001,3.966698107689949
817,0.012812500000000001,0.6684375,0.13906250000000003,0.022559523706209495
816,0.0746875,0.6684375,0.13906250000000003,2.6483963990602506
819,0.0746875,0.6684375,0.06406250000000001,3.45335989754814
818,0.0746875,0.9440625,0.13906250000000003,0
821,0.012812500000000001,0.6684375,0.06406250000000001,0.024777742531617877
820,0.0746875,0.9440625,0.06406250000000001,0
822,0.012812500000000001,0.9440625,0.13906250000000003,0
823,0.012812500000000001,0.9440625,0.06406250000000001,0
824,0.029687500000000006,0.9134375,0.06406250000000001,0.6842854686951779
826,0.029687500000000006,0.6990625,0.06406250000000001,0.4800287501702578
825,0.05781250000000001,0.9134375,0.06406250000000001,2.2175147188612003
827,0.029687500000000006,0.9134375,0.13906250000000003,0
828,0.029687500000000006,0.6990625,0.13906250000000003,0.6001294805567504
830,0.05781250000000001,0.6990625,0.06406250000000001,1.8640464431712584
829,0.05781250000000001,0.9134375,0.13906250000000003,0
832,0.0240625,0.5765625,0.1296875,0.24618461506390443
831,0.05781250000000001,0.6990625,0.13906250000000003,1.7693609639172372
833,0.0859375,0.5765625,0.1296875,1.100132639484799
834,0.0240625,0.9134375,0.1296875,0
835,0.0240625,0.5765625,0.1484375,0.2646669310252309
836,0.0240625,0.9134375,0.1484375,0
837,0.0859375,0.5765625,0.1484375,1.31125426790613
838,0.0859375,0.9134375,0.1296875,0
840,0.0690625,0.8215625,0.0546875,1.495802672640558
841,0.0409375,0.8215625,0.0546875,1.094464482594053
842,0.0690625,0.6684375,0.0546875,1.8711307327404216
843,0.0690625,0.8215625,0.0734375,2.4684774531873277
846,0.0409375,0.6684375,0.0546875,0.47257085558809464
845,0.0409375,0.8215625,0.0734375,1.0156776439498134
844,0.0690625,0.6684375,0.0734375,3.4740265465363622
847,0.0409375,0.6684375,0.0734375,0.4010470226407909
848,0.0915625,0.6990625,0.16718750000000002,2.5056149961388203
849,0.06343750000000001,0.6990625,0.16718750000000002,2.258134972431676
850,0.0915625,0.5459375,0.16718750000000002,2.4766913412857887
851,0.0915625,0.6990625,0.11093750000000001,1.9217252914330945
853,0.06343750000000001,0.6990625,0.11093750000000001,2.3838100508302382
854,0.06343750000000001,0.5459375,0.16718750000000002,2.580262717218374
852,0.0915625,0.5459375,0.11093750000000001,1.1272840062598382
855,0.06343750000000001,0.5459375,0.11093750000000001,2.317657348046034
856,0.04656250000000001,0.9440625,0.0921875,0
858,0.04656250000000001,0.7909375000000001,0.0921875,3.621904257591546
857,0.018437500000000002,0.9440625,0.0921875,0
859,0.04656250000000001,0.9440625,0.18593750000000003,0
860,0.04656250000000001,0.7909375000000001,0.18593750000000003,2.407732985717366
861,0.018437500000000002,0.9440625,0.18593750000000003,0
862,0.018437500000000002,0.7909375000000001,0.0921875,0.027980650167036627
863,0.018437500000000002,0.7909375000000001,0.18593750000000003,0.5680251299823368
864,0.035312500000000004,0.6378125,0.0734375,0.5206726823948465
865,0.029687500000000006,0.6378125,0.0734375,0.09213971958647219
866,0.035312500000000004,0.8521875,0.0734375,1.1420005733314182
867,0.035312500000000004,0.6378125,0.1296875,0.831782625792828
869,0.029687500000000006,0.6378125,0.1296875,0.6597840934067536
868,0.035312500000000004,0.8521875,0.1296875,1.078204996542011
870,0.029687500000000006,0.8521875,0.0734375,0.6677886504363582
871,0.029687500000000006,0.8521875,0.1296875,1.0613065521484053
872,0.08031250000000001,0.8828125,0.1484375,0
873,0.0746875,0.8828125,0.1484375,0
874,0.08031250000000001,0.6071875,0.1484375,3.674753312544236
875,0.08031250000000001,0.8828125,0.0546875,3.9469780979186546
876,0.08031250000000001,0.6071875,0.0546875,3.294739572615935
877,0.0746875,0.8828125,0.0546875,5.040166328858432
878,0.0746875,0.6071875,0.1484375,3.331644049265455
879,0.0746875,0.6071875,0.0546875,2.403038242613047
880,0.05781250000000001,0.5153125,0.11093750000000001,1.3908165871376625
881,0.052187500000000005,0.5153125,0.11093750000000001,1.5518273086157712
882,0.05781250000000001,0.7296875,0.11093750000000001,1.7892639881922652
883,0.05781250000000001,0.5153125,0.0921875,1.6978411698983862
884,0.05781250000000001,0.7296875,0.0921875,2.3433984880284298
885,0.052187500000000005,0.5153125,0.0921875,0.7424956455703762
886,0.052187500000000005,0.7296875,0.11093750000000001,1.5757581974895336
887,0.052187500000000005,0.7296875,0.0921875,1.696346048998765
888,0.012812500000000001,0.7603125,0.18593750000000003,0.4010755374016986
890,0.012812500000000001,0.9746874999999999,0.18593750000000003,0
889,0.09718750000000001,0.7603125,0.18593750000000003,4.686149805543993
891,0.012812500000000001,0.7603125,0.16718750000000002,0.27514814770378343
892,0.012812500000000001,0.9746874999999999,0.16718750000000002,0
893,0.09718750000000001,0.7603125,0.16718750000000002,3.924283374069716
894,0.09718750000000001,0.9746874999999999,0.18593750000000003,0
895,0.09718750000000001,0.9746874999999999,0.16718750000000002,0
896,0.018437500000000002,0.7296875,0.12031250000000002,0.0650264816256452
897,0.0690625,0.7296875,0.12031250000000002,3.4317809247651363
898,0.018437500000000002,0.6378125,0.12031250000000002,0.02066189789984291
899,0.018437500000000002,0.7296875,0.1953125,0.3769173732410006
900,0.018437500000000002,0.6378125,0.1953125,0.1364394634255938
903,0.0690625,0.6378125,0.1953125,2.7453295124575927
902,0.0690625,0.6378125,0.12031250000000002,1.8452793876227855
901,0.0690625,0.7296875,0.1953125,4.503362834217226
904,0.06343750000000001,0.9746874999999999,0.1953125,0
905,0.0240625,0.9746874999999999,0.1953125,0
906,0.06343750000000001,0.8828125,0.1953125,0
907,0.06343750000000001,0.9746874999999999,0.12031250000000002,0
908,0.06343750000000001,0.8828125,0.12031250000000002,0
911,0.0240625,0.8828125,0.12031250000000002,0
909,0.0240625,0.9746874999999999,0.12031250000000002,0
910,0.0240625,0.8828125,0.1953125,0
912,0.0859375,0.6071875,0.08281250000000001,1.3375782766845847
913,0.0915625,0.6071875,0.08281250000000001,1.0442847778218483
914,0.0859375,0.7603125,0.08281250000000001,1.770012360003561
916,0.0859375,0.7603125,0.08281250000000001,1.8979043222266314
915,0.0859375,0.6071875,0.08281250000000001,1.1778025874106588
917,0.0915625,0.6071875,0.08281250000000001,1.0780400738625298
919,0.0915625,0.7603125,0.08281250000000001,2.015373016357451
918,0.0915625,0.7603125,0.08281250000000001,1.6381678027601447
920,0.0409375,0.8521875,0.15781250000000002,0
921,0.04656250000000001,0.8521875,0.15781250000000002,0
922,0.0409375,0.5153125,0.15781250000000002,1.3074892250619459
924,0.0409375,0.5153125,0.15781250000000002,0.8235980305707378
923,0.0409375,0.8521875,0.15781250000000002,0
925,0.04656250000000001,0.8521875,0.15781250000000002,0
927,0.04656250000000001,0.5153125,0.15781250000000002,1.1860053478909218
926,0.04656250000000001,0.5153125,0.15781250000000002,1.475794551826819
928,0.052187500000000005,0.5459375,0.1765625,2.5359426678147976
929,0.035312500000000004,0.5459375,0.1765625,0.4736595409871689
930,0.052187500000000005,0.5765625,0.1765625,1.568665396509717
931,0.052187500000000005,0.5459375,0.1765625,1.8560874393945677
932,0.052187500000000005,0.5765625,0.1765625,2.0181146311888543
933,0.035312500000000004,0.5459375,0.1765625,0.40661509493090214
934,0.035312500000000004,0.5765625,0.1765625,0.7040808340056206
935,0.035312500000000004,0.5765625,0.1765625,0.9515428729542607
936,0.09718750000000001,0.7909375000000001,0.10156250000000001,2.1372648957412608
938,0.09718750000000001,0.8215625,0.10156250000000001,4.456894134421838
939,0.09718750000000001,0.7909375000000001,0.10156250000000001,2.1771541057077237
940,0.09718750000000001,0.8215625,0.10156250000000001,3.04138126514911
941,0.08031250000000001,0.7909375000000001,0.10156250000000001,3.98166758578526
942,0.08031250000000001,0.8215625,0.10156250000000001,2.9732137494637016
943,0.08031250000000001,0.8215625,0.10156250000000001,3.1836775070876446
944,0.0746875,0.6684375,0.13906250000000003,2.724269315021672
945,0.012812500000000001,0.6684375,0.13906250000000003,0.02497123497331286
946,0.0746875,0.9440625,0.13906250000000003,0
947,0.0746875,0.6684375,0.06406250000000001,2.3062240664004103
948,0.0746875,0.9440625,0.06406250000000001,0
949,0.012812500000000001,0.6684375,0.06406250000000001,0.02178723054461427
950,0.012812500000000001,0.9440625,0.13906250000000003,0
951,0.012812500000000001,0.9440625,0.06406250000000001,0
952,0.029687500000000006,0.9134375,0.06406250000000001,1.3507504846305511
953,0.05781250000000001,0.9134375,0.06406250000000001,2.699873480893791
954,0.029687500000000006,0.6990625,0.06406250000000001,0.5727171157816175
956,0.029687500000000006,0.6990625,0.13906250000000003,0.3398411866693152
955,0.029687500000000006,0.9134375,0.13906250000000003,0
957,0.05781250000000001,0.9134375,0.13906250000000003,0
958,0.05781250000000001,0.6990625,0.06406250000000001,1.7530617566378193
959,0.05781250000000001,0.6990625,0.13906250000000003,1.7768928827843091
960,0.0240625,0.5765625,0.1296875,0.10097490974077548
961,0.0859375,0.5765625,0.1296875,2.139938496405308
962,0.0240625,0.9134375,0.1296875,0
963,0.0240625,0.5765625,0.1484375,0.20782188475239458
964,0.0240625,0.9134375,0.1484375,0
965,0.0859375,0.5765625,0.1484375,1.325180956568941
966,0.0859375,0.9134375,0.1296875,0
967,0.0859375,0.9134375,0.1484375,0
968,0.0690625,0.8215625,0.0546875,1.9118139550694728
969,0.0409375,0.8215625,0.0546875,1.342328774724881
970,0.0690625,0.6684375,0.0546875,1.7710636136729196
971,0.0690625,0.8215625,0.0734375,2.5679594929344947
972,0.0690625,0.6684375,0.0734375,2.128263978370667
973,0.0409375,0.8215625,0.0734375,1.0920453246181718
974,0.0409375,0.6684375,0.0546875,0.4710241865919176
975,0.0409375,0.6684375,0.0734375,0.8908946398786861
976,0.0915625,0.6990625,0.16718750000000002,2.4340181684704914
977,0.06343750000000001,0.6990625,0.16718750000000002,2.4384578566773416
978,0.0915625,0.5459375,0.16718750000000002,1.2819309851760576
980,0.0915625,0.5459375,0.11093750000000001,1.0960129764033109
979,0.0915625,0.6990625,0.11093750000000001,2.0235302212255237
981,0.06343750000000001,0.6990625,0.11093750000000001,2.5024982374810563
983,0.06343750000000001,0.5459375,0.11093750000000001,1.309209902972333
982,0.06343750000000001,0.5459375,0.16718750000000002,2.7254541288646865
984,0.04656250000000001,0.9440625,0.0921875,0
985,0.018437500000000002,0.9440625,0.0921875,0
986,0.04656250000000001,0.7909375000000001,0.0921875,1.7361221671262121
987,0.04656250000000001,0.9440625,0.18593750000000003,0
988,0.04656250000000001,0.7909375000000001,0.18593750000000003,2.3319555160692107
990,0.018437500000000002,0.7909375000000001,0.0921875,0.07833243261982853
989,0.018437500000000002,0.9440625,0.18593750000000003,0
991,0.018437500000000002,0.7909375000000001,0.18593750000000003,0.6185079463154791
993,0.029687500000000006,0.6378125,0.0734375,0.06297768732429877
992,0.035312500000000004,0.6378125,0.0734375,0.7479845510244498
994,0.035312500000000004,0.8521875,0.0734375,1.4899368915071993
995,0.035312500000000004,0.6378125,0.1296875,0.9329259872768798
996,0.035312500000000004,0.8521875,0.1296875,1.5365495781522684
997,0.029687500000000006,0.6378125,0.1296875,0.7618468445867771
998,0.029687500000000006,0.8521875,0.0734375,0.8892319553228619
999,0.029687500000000006,0.8521875,0.1296875,1.2110181077239972
1000,0.08031250000000001,0.8828125,0.1484375,0
1001,0.0746875,0.8828125,0.1484375,0
1002,0.08031250000000001,0.6071875,0.1484375,1.5060852176841883
1004,0.08031250000000001,0.6071875,0.0546875,3.6419496761931427
1003,0.08031250000000001,0.8828125,0.0546875,5.131601439446885
1005,0.0746875,0.8828125,0.0546875,4.805490330958395
1006,0.0746875,0.6071875,0.1484375,3.568692222871288
1007,0.0746875,0.6071875,0.0546875,2.40697870078502
1008,0.05781250000000001,0.5153125,0.11093750000000001,1.7072978160856893
1009,0.052187500000000005,0.5153125,0.11093750000000001,1.464701391340771
1010,0.05781250000000001,0.7296875,0.11093750000000001,2.5768260740005005
1011,0.05781250000000001,0.5153125,0.0921875,1.3862685471432143
1013,0.052187500000000005,0.5153125,0.0921875,1.1568314001268225
1012,0.05781250000000001,0.7296875,0.0921875,2.5092856887168784
1014,0.052187500000000005,0.7296875,0.11093750000000001,1.963926860708211
1015,0.052187500000000005,0.7296875,0.0921875,1.9837301575051254
1016,0.012812500000000001,0.7603125,0.18593750000000003,0.17900946671116677
1017,0.09718750000000001,0.7603125,0.18593750000000003,6.324555320336758
1018,0.012812500000000001,0.9746874999999999,0.18593750000000003,0
1019,0.012812500000000001,0.7603125,0.16718750000000002,0.21939682196407012
1020,0.012812500000000001,0.9746874999999999,0.16718750000000002,0
1021,0.09718750000000001,0.7603125,0.16718750000000002,3.7498299281161964
1022,0.09718750000000001,0.9746874999999999,0.18593750000000003,0
1024,0.018437500000000002,0.7296875,0.12031250000000002,0.09020217635771614
1023,0.09718750000000001,0.9746874999999999,0.16718750000000002,0
1025,0.0690625,0.7296875,0.12031250000000002,2.2725477985291547
1026,0.018437500000000002,0.6378125,0.12031250000000002,0.037940399629163464
1027,0.018437500000000002,0.7296875,0.1953125,0.42106686090186063
1028,0.018437500000000002,0.6378125,0.1953125,0.17079511828412916
1029,0.0690625,0.7296875,0.1953125,3.106507786083917
1030,0.0690625,0.6378125,0.12031250000000002,2.539681933312304
1031,0.0690625,0.6378125,0.1953125,2.1391587131393504
1032,0.06343750000000001,0.9746874999999999,0.1953125,0
1033,0.0240625,0.9746874999999999,0.1953125,0
1035,0.06343750000000001,0.9746874999999999,0.12031250000000002,0
1034,0.06343750000000001,0.8828125,0.1953125,0
1037,0.0240625,0.9746874999999999,0.12031250000000002,0
1038,0.0240625,0.8828125,0.1953125,0
1039,0.0240625,0.8828125,0.12031250000000002,0
1040,0.0859375,0.6071875,0.08281250000000001,1.3066434376564755
1041,0.0915625,0.6071875,0.08281250000000001,3.9324205271585844
1042,0.0859375,0.7603125,0.08281250000000001,3.7390983440311554
1043,0.0859375,0.6071875,0.08281250000000001,3.5326111672097613
1044,0.0859375,0.7603125,0.08281250000000001,4.1938903035854755
1045,0.0915625,0.6071875,0.08281250000000001,1.1504402871049122
1046,0.0915625,0.7603125,0.08281250000000001,2.176085870650817
1047,0.0915625,0.7603125,0.08281250000000001,2.0205555246266242
1048,0.0409375,0.8521875,0.15781250000000002,0
1050,0.0409375,0.5153125,0.15781250000000002,0.6979698956427337
1049,0.04656250000000001,0.8521875,0.15781250000000002,0
1051,0.0409375,0.8521875,0.15781250000000002,0
1052,0.0409375,0.5153125,0.15781250000000002,0.46811992797612606
1053,0.04656250000000001,0.8521875,0.15781250000000002,0
1054,0.04656250000000001,0.5153125,0.15781250000000002,1.289428428184773
1055,0.04656250000000001,0.5153125,0.15781250000000002,1.1414247150307537
1056,0.052187500000000005,0.5459375,0.1765625,2.1829225831821186
1057,0.035312500000000004,0.5459375,0.1765625,0.6536380401911919
1058,0.052187500000000005,0.5765625,0.1765625,1.5807445307328996
1059,0.052187500000000005,0.5459375,0.1765625,1.273789369490937
1060,0.052187500000000005,0.5765625,0.1765625,1.6078958444631257
1061,0.035312500000000004,0.5459375,0.1765625,0.7375743853920185
1062,0.035312500000000004,0.5765625,0.1765625,0.8310685855111374
1063,0.035312500000000004,0.5765625,0.1765625,0.8949926803232687
1065,0.08031250000000001,0.7909375000000001,0.10156250000000001,3.052193659332244
1064,0.09718750000000001,0.7909375000000001,0.10156250000000001,2.640496586292477
1066,0.09718750000000001,0.8215625,0.10156250000000001,3.04138126514911
1067,0.09718750000000001,0.7909375000000001,0.10156250000000001,2.4670670345749466
1068,0.09718750000000001,0.8215625,0.10156250000000001,5.131601439446886
1069,0.08031250000000001,0.7909375000000001,0.10156250000000001,2.50561499613882
1070,0.08031250000000001,0.8215625,0.10156250000000001,3.7556974262971097
1071,0.08031250000000001,0.8215625,0.10156250000000001,2.907847409948863
1072,0.0746875,0.6684375,0.13906250000000003,3.0274228736994018
1073,0.012812500000000001,0.6684375,0.13906250000000003,0.030590222543337542
1074,0.0746875,0.9440625,0.13906250000000003,0
1075,0.0746875,0.6684375,0.06406250000000001,2.73491384120309
1076,0.0746875,0.9440625,0.06406250000000001,0
1077,0.012812500000000001,0.6684375,0.06406250000000001,0.020075678909877694
1078,0.012812500000000001,0.9440625,0.13906250000000003,0
1080,0.029687500000000006,0.9134375,0.06406250000000001,1.018804812372234
1079,0.012812500000000001,0.9440625,0.06406250000000001,0
1081,0.05781250000000001,0.9134375,0.06406250000000001,3.301396894238437
1082,0.029687500000000006,0.6990625,0.06406250000000001,0.6559891913596202
1083,0.029687500000000006,0.9134375,0.13906250000000003,0
1084,0.029687500000000006,0.6990625,0.13906250000000003,0.6632741721859421
1085,0.05781250000000001,0.9134375,0.13906250000000003,0
1086,0.05781250000000001,0.6990625,0.06406250000000001,1.3963338483118544
1087,0.05781250000000001,0.6990625,0.13906250000000003,2.8935578086279365
1088,0.0240625,0.5765625,0.1296875,0.12699582398688047
1089,0.0859375,0.5765625,0.1296875,3.910184126771436
1090,0.0240625,0.9134375,0.1296875,0
1091,0.0240625,0.5765625,0.1484375,0.2511732529295795
1092,0.0240625,0.9134375,0.1484375,0
1093,0.0859375,0.5765625,0.1484375,2.8679159775669993
1094,0.0859375,0.9134375,0.1296875,0
1095,0.0859375,0.9134375,0.1484375,0
1096,0.0690625,0.8215625,0.0546875,2.485000292755125
1097,0.0409375,0.8215625,0.0546875,0.9172737219828778
1098,0.0690625,0.6684375,0.0546875,2.003747982142966
1099,0.0690625,0.8215625,0.0734375,2.5621576555418772
1100,0.0690625,0.6684375,0.0734375,2.4037493224751407
1101,0.0409375,0.8215625,0.0734375,1.105107251864619
1102,0.0409375,0.6684375,0.0546875,0.08494851225926624
1103,0.0409375,0.6684375,0.0734375,0.9325361047112131
1105,0.06343750000000001,0.6990625,0.16718750000000002,2.7666853121270916
1104,0.0915625,0.6990625,0.16718750000000002,1.7246709239499478
1106,0.0915625,0.5459375,0.16718750000000002,4.114979446437893
1107,0.0915625,0.6990625,0.11093750000000001,4.367507741776065
1108,0.0915625,0.5459375,0.11093750000000001,1.020611485549911
1109,0.06343750000000001,0.6990625,0.11093750000000001,1.908353478736
1110,0.06343750000000001,0.5459375,0.16718750000000002,2.512442678166597
1111,0.06343750000000001,0.5459375,0.11093750000000001,2.264021103443023
1112,0.04656250000000001,0.9440625,0.0921875,0
1113,0.018437500000000002,0.9440625,0.0921875,0
1114,0.04656250000000001,0.7909375000000001,0.0921875,1.3966666576468827
1115,0.04656250000000001,0.9440625,0.18593750000000003,0
1116,0.04656250000000001,0.7909375000000001,0.18593750000000003,1.8408118014334172
1117,0.018437500000000002,0.9440625,0.18593750000000003,0
1118,0.018437500000000002,0.7909375000000001,0.0921875,0.05974910413882559
1120,0.035312500000000004,0.6378125,0.0734375,0.7212692492308541
1119,0.018437500000000002,0.7909375000000001,0.18593750000000003,0.45023160707106874
1121,0.029687500000000006,0.6378125,0.0734375,0.079471431047032
1122,0.035312500000000004,0.8521875,0.0734375,1.0689856320420692
1123,0.035312500000000004,0.6378125,0.1296875,0.9671638991190159
1124,0.035312500000000004,0.8521875,0.1296875,1.02309334862465
1125,0.029687500000000006,0.6378125,0.1296875,0.7940930336197208
1126,0.029687500000000006,0.8521875,0.0734375,0.9703725534767614
1127,0.029687500000000006,0.8521875,0.1296875,0.8164612531074893
1128,0.08031250000000001,0.8828125,0.1484375,0
1129,0.0746875,0.8828125,0.1484375,0
1130,0.08031250000000001,0.6071875,0.1484375,1.367075922631636
1131,0.08031250000000001,0.8828125,0.0546875,2.1134489978863145
1133,0.0746875,0.8828125,0.0546875,5.966747533168091
1134,0.0746875,0.6071875,0.1484375,3.050351228439404
1135,0.0746875,0.6071875,0.0546875,1.7139098193845848
1136,0.05781250000000001,0.5153125,0.11093750000000001,2.152181013254974
1137,0.052187500000000005,0.5153125,0.11093750000000001,1.7005490751896697
1138,0.05781250000000001,0.7296875,0.11093750000000001,1.8509454392920286
1139,0.05781250000000001,0.5153125,0.0921875,2.077793884415062
1141,0.052187500000000005,0.5153125,0.0921875,0.36208555458077163
1140,0.05781250000000001,0.7296875,0.0921875,1.8130202646030378
1142,0.052187500000000005,0.7296875,0.11093750000000001,1.4751373234284304
1143,0.052187500000000005,0.7296875,0.0921875,1.4115685021287345
1144,0.012812500000000001,0.7603125,0.18593750000000003,0.16406286572240794
1145,0.09718750000000001,0.7603125,0.18593750000000003,6.324555320336757
1147,0.012812500000000001,0.7603125,0.16718750000000002,0.06088608470507694
1146,0.012812500000000001,0.9746874999999999,0.18593750000000003,0
1148,0.012812500000000001,0.9746874999999999,0.16718750000000002,0
1149,0.09718750000000001,0.7603125,0.16718750000000002,3.5590260840104366
1151,0.09718750000000001,0.9746874999999999,0.16718750000000002,0
1152,0.018437500000000002,0.7296875,0.12031250000000002,0.04859516899754625
1150,0.09718750000000001,0.9746874999999999,0.18593750000000003,0
1153,0.0690625,0.7296875,0.12031250000000002,4.141757655458389
1154,0.018437500000000002,0.6378125,0.12031250000000002,0.037140791554012724
1155,0.018437500000000002,0.7296875,0.1953125,0.3941512997321003
1156,0.018437500000000002,0.6378125,0.1953125,0.18670962878881867
1157,0.0690625,0.7296875,0.1953125,3.34071799082396
1158,0.0690625,0.6378125,0.12031250000000002,2.030772828531886
1159,0.0690625,0.6378125,0.1953125,2.627473120531429
1160,0.06343750000000001,0.9746874999999999,0.1953125,0
1161,0.0240625,0.9746874999999999,0.1953125,0
1163,0.06343750000000001,0.9746874999999999,0.12031250000000002,0
1162,0.06343750000000001,0.8828125,0.1953125,0
1164,0.06343750000000001,0.8828125,0.12031250000000002,0
1165,0.0240625,0.9746874999999999,0.12031250000000002,0
1166,0.0240625,0.8828125,0.1953125,0
1167,0.0240625,0.8828125,0.12031250000000002,0
1168,0.0859375,0.6071875,0.08281250000000001,1.0340356632822787
1169,0.0915625,0.6071875,0.08281250000000001,1.1511480256411937
1170,0.0859375,0.7603125,0.08281250000000001,3.9820347827762346
1171,0.0859375,0.6071875,0.08281250000000001,3.7599362923217106
1172,0.0859375,0.7603125,0.08281250000000001,1.6747537132366657
1173,0.0915625,0.6071875,0.08281250000000001,2.559473853824623
1174,0.0915625,0.7603125,0.08281250000000001,1.4447269625527535
1175,0.0915625,0.7603125,0.08281250000000001,1.5770125078550938
1176,0.0409375,0.8521875,0.15781250000000002,0
1177,0.04656250000000001,0.8521875,0.15781250000000002,0
1178,0.0409375,0.5153125,0.15781250000000002,0.9453292341118794
1179,0.0409375,0.8521875,0.15781250000000002,0
1180,0.0409375,0.5153125,0.15781250000000002,1.3489635059475165
1181,0.04656250000000001,0.8521875,0.15781250000000002,0
1182,0.04656250000000001,0.5153125,0.15781250000000002,1.6067343718666764
1183,0.04656250000000001,0.5153125,0.15781250000000002,1.6359322388021886
1184,0.052187500000000005,0.5459375,0.1765625,1.4245534781880245
1186,0.052187500000000005,0.5765625,0.1765625,1.4146773586196844
1187,0.052187500000000005,0.5459375,0.1765625,1.0480032837292212
1188,0.052187500000000005,0.5765625,0.1765625,1.81664938648661
1189,0.035312500000000004,0.5459375,0.1765625,1.0294275373627269
1190,0.035312500000000004,0.5765625,0.1765625,0.8222804599157865
1191,0.035312500000000004,0.5765625,0.1765625,0.5456413659314446
1192,0.09718750000000001,0.7909375000000001,0.10156250000000001,2.6404965862924765
1193,0.08031250000000001,0.7909375000000001,0.10156250000000001,2.9082276986518276
1194,0.09718750000000001,0.8215625,0.10156250000000001,3.2732683535398857
1195,0.09718750000000001,0.7909375000000001,0.10156250000000001,2.2038926600773587
1197,0.08031250000000001,0.7909375000000001,0.10156250000000001,2.3861847269271523
1196,0.09718750000000001,0.8215625,0.10156250000000001,2.540579747724022
1198,0.08031250000000001,0.8215625,0.10156250000000001,6.586989430086109
1199,0.08031250000000001,0.8215625,0.10156250000000001,3.4949786884983793
1201,0.012812500000000001,0.6684375,0.13906250000000003,0.01814502154586402
1200,0.0746875,0.6684375,0.13906250000000003,3.9357582046041886
1202,0.0746875,0.9440625,0.13906250000000003,0
1203,0.0746875,0.6684375,0.06406250000000001,1.7986834918762333
1205,0.012812500000000001,0.6684375,0.06406250000000001,0.011071738984821064
1204,0.0746875,0.9440625,0.06406250000000001,0
1206,0.012812500000000001,0.9440625,0.13906250000000003,0
1207,0.012812500000000001,0.9440625,0.06406250000000001,0
1208,0.029687500000000006,0.9134375,0.06406250000000001,0.9783315415644093
1209,0.05781250000000001,0.9134375,0.06406250000000001,2.618557231900925
1210,0.029687500000000006,0.6990625,0.06406250000000001,0.038156647878402485
1211,0.029687500000000006,0.9134375,0.13906250000000003,0
1212,0.029687500000000006,0.6990625,0.13906250000000003,0.6465334949463103
1214,0.05781250000000001,0.6990625,0.06406250000000001,1.2133467072584867
1213,0.05781250000000001,0.9134375,0.13906250000000003,0
1215,0.05781250000000001,0.6990625,0.13906250000000003,2.473312297943789
1216,0.0240625,0.5765625,0.1296875,0.07858135389712044
1217,0.0859375,0.5765625,0.1296875,3.8573037180801957
1218,0.0240625,0.9134375,0.1296875,0
1219,0.0240625,0.5765625,0.1484375,0.12675699351130337
1220,0.0240625,0.9134375,0.1484375,0
1221,0.0859375,0.5765625,0.1484375,1.1909581622824834
1222,0.0859375,0.9134375,0.1296875,0
1223,0.0859375,0.9134375,0.1484375,0
1224,0.0690625,0.8215625,0.0546875,3.735021245888383
1225,0.0409375,0.8215625,0.0546875,0.8020364361072031
1226,0.0690625,0.6684375,0.0546875,2.29216656910548
1227,0.0690625,0.8215625,0.0734375,1.7102811994771165
1228,0.0690625,0.6684375,0.0734375,1.5310402228606343
1229,0.0409375,0.8215625,0.0734375,1.2704485023487304
1230,0.0409375,0.6684375,0.0546875,0.41921203245856553
1231,0.0409375,0.6684375,0.0734375,0.8932385624125851
1232,0.0915625,0.6990625,0.16718750000000002,2.8480012484391772
1233,0.06343750000000001,0.6990625,0.16718750000000002,3.4009166067743806
1234,0.0915625,0.5459375,0.16718750000000002,1.6768969768815196
1236,0.0915625,0.5459375,0.11093750000000001,2.4956071268848974
1237,0.06343750000000001,0.6990625,0.11093750000000001,2.364002881966444
1235,0.0915625,0.6990625,0.11093750000000001,2.714285714285715
1238,0.06343750000000001,0.5459375,0.16718750000000002,1.9581912137043935
1239,0.06343750000000001,0.5459375,0.11093750000000001,4.947307179415554
1240,0.04656250000000001,0.9440625,0.0921875,0
1241,0.018437500000000002,0.9440625,0.0921875,0
1242,0.04656250000000001,0.7909375000000001,0.0921875,1.3265746327999972
1243,0.04656250000000001,0.9440625,0.18593750000000003,0
1244,0.04656250000000001,0.7909375000000001,0.18593750000000003,2.3319555160692107
1245,0.018437500000000002,0.9440625,0.18593750000000003,0
1246,0.018437500000000002,0.7909375000000001,0.0921875,0.23483906266330393
1247,0.018437500000000002,0.7909375000000001,0.18593750000000003,0.4006331771085438
1249,0.029687500000000006,0.6378125,0.0734375,0.30679823419799707
1248,0.035312500000000004,0.6378125,0.0734375,0.4827580784022782
1250,0.035312500000000004,0.8521875,0.0734375,0.9746587117081319
1251,0.035312500000000004,0.6378125,0.1296875,1.2128185454688452
1253,0.029687500000000006,0.6378125,0.1296875,0.10295802900473602
1252,0.035312500000000004,0.8521875,0.1296875,1.475220888691353
1254,0.029687500000000006,0.8521875,0.0734375,0.7811874208952169
1255,0.029687500000000006,0.8521875,0.1296875,1.0418254719345954
1256,0.08031250000000001,0.8828125,0.1484375,0
1257,0.0746875,0.8828125,0.1484375,0
1258,0.08031250000000001,0.6071875,0.1484375,1.1419860907230694
1259,0.08031250000000001,0.8828125,0.0546875,5.131601439446885
1260,0.08031250000000001,0.6071875,0.0546875,1.352563153177453
1261,0.0746875,0.8828125,0.0546875,2.467067034574946
1262,0.0746875,0.6071875,0.1484375,1.474645715211215
1263,0.0746875,0.6071875,0.0546875,3.3083984656342924
1264,0.05781250000000001,0.5153125,0.11093750000000001,1.5281106320691467
1265,0.052187500000000005,0.5153125,0.11093750000000001,1.2144112331814405
1266,0.05781250000000001,0.7296875,0.11093750000000001,2.022163191055292
1267,0.05781250000000001,0.5153125,0.0921875,1.5719807718127998
1268,0.05781250000000001,0.7296875,0.0921875,2.4128010483126077
1269,0.052187500000000005,0.5153125,0.0921875,1.340909566187487
1270,0.052187500000000005,0.7296875,0.11093750000000001,2.0327505476805454
1271,0.052187500000000005,0.7296875,0.0921875,1.544178238062271
1272,0.012812500000000001,0.7603125,0.18593750000000003,0.10228228600395418
1273,0.09718750000000001,0.7603125,0.18593750000000003,4.686149805543992
1274,0.012812500000000001,0.9746874999999999,0.18593750000000003,0
1275,0.012812500000000001,0.7603125,0.16718750000000002,0.2846690679744844
1276,0.012812500000000001,0.9746874999999999,0.16718750000000002,0
1277,0.09718750000000001,0.7603125,0.16718750000000002,3.4369317712168805
1278,0.09718750000000001,0.9746874999999999,0.18593750000000003,0
1279,0.09718750000000001,0.9746874999999999,0.16718750000000002,0
