index,cop_density,legitimacy,active_threshold,cv
0,0.0184375,0.7296875,0.1203125,0.1213084249898045
1,0.0690625,0.7296875,0.1203125,5.162502152809776
2,0.0184375,0.6378125,0.1203125,0.1189004544206055
3,0.0184375,0.7296875,0.1953125,0.422645204516448
4,0.0184375,0.6378125,0.1953125,0.1800332054395389
5,0.0690625,0.7296875,0.1953125,3.559026084010437
6,0.0690625,0.6378125,0.1203125,3.969071601426117
7,0.0690625,0.6378125,0.1953125,1.5133153857640265
8,0.0634375,0.9746875,0.1953125,0.0
9,0.0240625,0.9746875,0.1953125,0.0
10,0.0634375,0.8828125,0.1953125,0.0
11,0.0634375,0.9746875,0.1203125,0.0
12,0.0634375,0.8828125,0.1203125,0.0
13,0.0240625,0.9746875,0.1203125,0.0
14,0.0240625,0.8828125,0.1953125,0.0
15,0.0240625,0.8828125,0.1203125,0.0
16,0.0859375,0.6071875,0.0828125,3.8755452803464334
17,0.0915625,0.6071875,0.0828125,1.5365505700500024
18,0.0859375,0.7603125,0.0828125,3.832118562151981
19,0.0859375,0.6071875,0.0828125,0.9810907306932612
20,0.0859375,0.7603125,0.0828125,1.405563856997455
21,0.0915625,0.6071875,0.0828125,1.208304597359457
22,0.0915625,0.7603125,0.0828125,3.961966713213965
23,0.0915625,0.7603125,0.0828125,1.3290400126665254
24,0.0409375,0.8521875,0.1578125,0.0
25,0.0465625,0.8521875,0.1578125,0.0
26,0.0409375,0.5153125,0.1578125,0.8100904104480675
27,0.0409375,0.8521875,0.1578125,0.0
28,0.0409375,0.5153125,0.1578125,0.785220905402684
29,0.0465625,0.8521875,0.1578125,0.0
30,0.0465625,0.5153125,0.1578125,1.512568922127981
31,0.0465625,0.5153125,0.1578125,0.7691401121425511
32,0.0521875,0.5459375,0.1765625,1.384763844582772
33,0.0353125,0.5459375,0.1765625,0.6101352934966754
34,0.0521875,0.5765625,0.1765625,2.603240116802688
35,0.0521875,0.5459375,0.1765625,1.4151648069112317
36,0.0521875,0.5765625,0.1765625,1.4756440481526052
37,0.0353125,0.5459375,0.1765625,1.0931910643338911
38,0.0353125,0.5765625,0.1765625,1.100237760753697
39,0.0353125,0.5765625,0.1765625,1.0519870130347364
40,0.0971875,0.7909375000000001,0.1015625,3.243556868165685
41,0.0803125,0.7909375000000001,0.1015625,2.964120144402496
42,0.0971875,0.8215625,0.1015625,6.324555320336758
43,0.0971875,0.7909375000000001,0.1015625,2.794622936170799
44,0.0971875,0.8215625,0.1015625,3.142857142857143
45,0.0803125,0.7909375000000001,0.1015625,4.3220365569948616
46,0.0803125,0.8215625,0.1015625,4.06105843710141
47,0.0803125,0.8215625,0.1015625,3.777619377764957
48,0.0746875,0.6684375,0.1390625,1.6741015301983944
49,0.0128125,0.6684375,0.1390625,0.024049658888978
50,0.0746875,0.9440625,0.1390625,0.0
51,0.0746875,0.6684375,0.0640625,2.3013541485165088
52,0.0746875,0.9440625,0.0640625,0.0
53,0.0128125,0.6684375,0.0640625,0.0147271590835482
54,0.0128125,0.9440625,0.1390625,0.0
55,0.0128125,0.9440625,0.0640625,0.0
56,0.0296875,0.9134375,0.0640625,1.4826914297003828
57,0.0578125,0.9134375,0.0640625,2.527314444462182
58,0.0296875,0.6990625,0.0640625,0.4992884908063876
59,0.0296875,0.9134375,0.1390625,0.0
60,0.0296875,0.6990625,0.1390625,0.6131862785048883
61,0.0578125,0.9134375,0.1390625,0.0
62,0.0578125,0.6990625,0.0640625,1.5356736909646875
63,0.0578125,0.6990625,0.1390625,2.0402782988501795
64,0.0240625,0.5765625,0.1296875,0.0883163160144498
65,0.0859375,0.5765625,0.1296875,1.4816261503438428
66,0.0240625,0.9134375,0.1296875,0.0
67,0.0240625,0.5765625,0.1484375,0.1646010002174385
68,0.0240625,0.9134375,0.1484375,0.0
69,0.0859375,0.5765625,0.1484375,1.4891601987371854
70,0.0859375,0.9134375,0.1296875,0.0
71,0.0859375,0.9134375,0.1484375,0.0
72,0.0690625,0.8215625,0.0546875,2.5491600498495868
73,0.0409375,0.8215625,0.0546875,0.9024676605124288
74,0.0690625,0.6684375,0.0546875,1.4907864979195735
75,0.0690625,0.8215625,0.0734375,2.5166799877789137
76,0.0690625,0.6684375,0.0734375,1.711757176177302
77,0.0409375,0.8215625,0.0734375,1.418762876570378
78,0.0409375,0.6684375,0.0546875,1.0446336176777635
79,0.0409375,0.6684375,0.0734375,1.132695811108035
80,0.0915625,0.6990625,0.1671875,2.3861847269271523
81,0.0634375,0.6990625,0.1671875,2.252141477299153
82,0.0915625,0.5459375,0.1671875,1.2143404674633331
83,0.0915625,0.6990625,0.1109375,1.7559229214639376
84,0.0915625,0.5459375,0.1109375,1.0040733366174617
85,0.0634375,0.6990625,0.1109375,1.851706058545324
86,0.0634375,0.5459375,0.1671875,1.89119827222562
87,0.0634375,0.5459375,0.1109375,1.837503557257042
88,0.0465625,0.9440625,0.0921875,0.0
89,0.0184375,0.9440625,0.0921875,0.0
90,0.0465625,0.7909375000000001,0.0921875,1.217095207012012
91,0.0465625,0.9440625,0.1859375,0.0
92,0.0465625,0.7909375000000001,0.1859375,2.023181473919748
93,0.0184375,0.9440625,0.1859375,0.0
94,0.0184375,0.7909375000000001,0.0921875,0.1452176689300827
95,0.0184375,0.7909375000000001,0.1859375,0.7711579103545386
96,0.0353125,0.6378125,0.0734375,0.393525463936383
97,0.0296875,0.6378125,0.0734375,0.0641881446664614
98,0.0353125,0.8521875,0.0734375,1.1813702973881488
99,0.0353125,0.6378125,0.1296875,0.8347301028629462
100,0.0353125,0.8521875,0.1296875,1.276760780819428
101,0.0296875,0.6378125,0.1296875,0.2138942388278378
102,0.0296875,0.8521875,0.0734375,0.2769800002997676
103,0.0296875,0.8521875,0.1296875,0.9304443273892178
104,0.0803125,0.8828125,0.1484375,0.0
105,0.0746875,0.8828125,0.1484375,0.0
106,0.0803125,0.6071875,0.1484375,1.784728326241199
107,0.0803125,0.8828125,0.0546875,3.977220662280353
108,0.0803125,0.6071875,0.0546875,0.9403110298866656
109,0.0746875,0.8828125,0.0546875,3.902825993764361
110,0.0746875,0.6071875,0.1484375,3.8252085752203615
111,0.0746875,0.6071875,0.0546875,3.5295456339153275
112,0.0578125,0.5153125,0.1109375,1.4363844920932771
113,0.0521875,0.5153125,0.1109375,1.2484299854514322
114,0.0578125,0.7296875,0.1109375,2.690732234128649
115,0.0578125,0.5153125,0.0921875,1.482151829617016
116,0.0578125,0.7296875,0.0921875,1.8445380680628969
117,0.0521875,0.5153125,0.0921875,1.1206768957575792
118,0.0521875,0.7296875,0.1109375,1.5683902149730362
119,0.0521875,0.7296875,0.0921875,1.7110130159610475
120,0.0128125,0.7603125,0.1859375,0.3229551739102357
121,0.0971875,0.7603125,0.1859375,9.0
122,0.0128125,0.9746875,0.1859375,0.0
123,0.0128125,0.7603125,0.1671875,0.2706837508124323
124,0.0128125,0.9746875,0.1671875,0.0
125,0.0971875,0.7603125,0.1671875,3.924283374069716
126,0.0971875,0.9746875,0.1859375,0.0
127,0.0971875,0.9746875,0.1671875,0.0
128,0.0184375,0.7296875,0.1203125,0.0694700531029288
129,0.0690625,0.7296875,0.1203125,3.6271004900181008
130,0.0184375,0.6378125,0.1203125,0.0384026843989142
131,0.0184375,0.7296875,0.1953125,0.4120891336950881
132,0.0184375,0.6378125,0.1953125,0.1944332283277445
133,0.0690625,0.7296875,0.1953125,3.273268353539885
134,0.0690625,0.6378125,0.1203125,2.024188767025729
135,0.0690625,0.6378125,0.1953125,3.229869233311447
136,0.0634375,0.9746875,0.1953125,0.0
137,0.0240625,0.9746875,0.1953125,0.0
138,0.0634375,0.8828125,0.1953125,0.0
139,0.0634375,0.9746875,0.1203125,0.0
140,0.0634375,0.8828125,0.1203125,0.0
141,0.0240625,0.9746875,0.1203125,0.0
142,0.0240625,0.8828125,0.1953125,0.0
143,0.0240625,0.8828125,0.1203125,0.0
144,0.0859375,0.6071875,0.0828125,1.4522174645202908
145,0.0915625,0.6071875,0.0828125,1.1612072884993037
146,0.0859375,0.7603125,0.0828125,4.020581261998402
147,0.0859375,0.6071875,0.0828125,3.6349503024166574
148,0.0859375,0.7603125,0.0828125,2.401121748062576
149,0.0915625,0.6071875,0.0828125,1.072955995323776
150,0.0915625,0.7603125,0.0828125,3.609601021020141
151,0.0915625,0.7603125,0.0828125,2.8673076722244573
152,0.0409375,0.8521875,0.1578125,0.0
153,0.0465625,0.8521875,0.1578125,0.0
154,0.0409375,0.5153125,0.1578125,0.712978924812583
155,0.0409375,0.8521875,0.1578125,0.0
156,0.0409375,0.5153125,0.1578125,1.0794446688129615
157,0.0465625,0.8521875,0.1578125,0.0
158,0.0465625,0.5153125,0.1578125,1.11955659965584
159,0.0465625,0.5153125,0.1578125,0.908609069581124
160,0.0521875,0.5459375,0.1765625,1.390078351218459
161,0.0353125,0.5459375,0.1765625,0.6040691635787527
162,0.0521875,0.5765625,0.1765625,1.4421543933736425
163,0.0521875,0.5459375,0.1765625,2.4743544278617344
164,0.0521875,0.5765625,0.1765625,2.169934737324398
165,0.0353125,0.5459375,0.1765625,0.7826915956184924
166,0.0353125,0.5765625,0.1765625,0.7615283446226383
167,0.0353125,0.5765625,0.1765625,0.3644700003740022
168,0.0971875,0.7909375000000001,0.1015625,2.303842943364913
169,0.0803125,0.7909375000000001,0.1015625,2.1134489978863145
170,0.0971875,0.8215625,0.1015625,3.2732683535398857
171,0.0971875,0.7909375000000001,0.1015625,2.683281572999748
172,0.0971875,0.8215625,0.1015625,3.5590260840104366
173,0.0803125,0.7909375000000001,0.1015625,4.021827796625047
174,0.0803125,0.8215625,0.1015625,3.613911544704607
175,0.0803125,0.8215625,0.1015625,3.776283916239533
176,0.0746875,0.6684375,0.1390625,3.5158778548753133
177,0.0128125,0.6684375,0.1390625,0.0764717074487682
178,0.0746875,0.9440625,0.1390625,0.0
179,0.0746875,0.6684375,0.0640625,3.450086450233709
180,0.0746875,0.9440625,0.0640625,0.0
181,0.0128125,0.6684375,0.0640625,0.0300267543438551
182,0.0128125,0.9440625,0.1390625,0.0
183,0.0128125,0.9440625,0.0640625,0.0
184,0.0296875,0.9134375,0.0640625,0.6712412780045063
185,0.0578125,0.9134375,0.0640625,3.123104339969525
186,0.0296875,0.6990625,0.0640625,0.0429067351235803
187,0.0296875,0.9134375,0.1390625,0.0
188,0.0296875,0.6990625,0.1390625,0.2910544930751829
189,0.0578125,0.9134375,0.1390625,0.0
190,0.0578125,0.6990625,0.0640625,1.4706420393020678
191,0.0578125,0.6990625,0.1390625,2.123833761620326
192,0.0240625,0.5765625,0.1296875,0.0574143502805954
193,0.0859375,0.5765625,0.1296875,3.715779250111683
194,0.0240625,0.9134375,0.1296875,0.0
195,0.0240625,0.5765625,0.1484375,0.0602114936034813
196,0.0240625,0.9134375,0.1484375,0.0
197,0.0859375,0.5765625,0.1484375,2.408119970154874
198,0.0859375,0.9134375,0.1296875,0.0
199,0.0859375,0.9134375,0.1484375,0.0
200,0.0690625,0.8215625,0.0546875,1.8452530118349488
201,0.0409375,0.8215625,0.0546875,0.9022265561432806
202,0.0690625,0.6684375,0.0546875,3.4301724202833785
203,0.0690625,0.8215625,0.0734375,3.696489796804933
204,0.0690625,0.6684375,0.0734375,1.924173481516141
205,0.0409375,0.8215625,0.0734375,1.1769102020935884
206,0.0409375,0.6684375,0.0546875,1.092765195678166
207,0.0409375,0.6684375,0.0734375,0.9694710648477994
208,0.0915625,0.6990625,0.1671875,2.1372648957412608
209,0.0634375,0.6990625,0.1671875,1.9522357669594923
210,0.0915625,0.5459375,0.1671875,3.872243512808202
211,0.0915625,0.6990625,0.1109375,1.6148095826162894
212,0.0915625,0.5459375,0.1109375,1.2321388273913771
213,0.0634375,0.6990625,0.1109375,2.485165245981611
214,0.0634375,0.5459375,0.1671875,1.6781229123054138
215,0.0634375,0.5459375,0.1109375,1.5507387939550767
216,0.0465625,0.9440625,0.0921875,0.0
217,0.0184375,0.9440625,0.0921875,0.0
218,0.0465625,0.7909375000000001,0.0921875,1.3499421098013404
219,0.0465625,0.9440625,0.1859375,0.0
220,0.0465625,0.7909375000000001,0.1859375,1.7628489743097335
221,0.0184375,0.9440625,0.1859375,0.0
222,0.0184375,0.7909375000000001,0.0921875,0.2289888455154512
223,0.0184375,0.7909375000000001,0.1859375,0.6598976076693336
224,0.0353125,0.6378125,0.0734375,0.4387051654838615
225,0.0296875,0.6378125,0.0734375,0.0693230717438064
226,0.0353125,0.8521875,0.0734375,0.5393862310849801
227,0.0353125,0.6378125,0.1296875,0.9849250088312346
228,0.0353125,0.8521875,0.1296875,1.2893606341655155
229,0.0296875,0.6378125,0.1296875,0.248076149679772
230,0.0296875,0.8521875,0.0734375,0.4225695944468788
231,0.0296875,0.8521875,0.1296875,0.6445605202045659
232,0.0803125,0.8828125,0.1484375,0.0
233,0.0746875,0.8828125,0.1484375,0.0
234,0.0803125,0.6071875,0.1484375,2.6140567614747137
235,0.0803125,0.8828125,0.0546875,2.795300248102944
236,0.0803125,0.6071875,0.0546875,3.4381339595896088
237,0.0746875,0.8828125,0.0546875,2.848001248439177
238,0.0746875,0.6071875,0.1484375,1.741737194232653
239,0.0746875,0.6071875,0.0546875,3.2573116804365183
240,0.0578125,0.5153125,0.1109375,1.4669015204201816
241,0.0521875,0.5153125,0.1109375,1.6255068080234614
242,0.0578125,0.7296875,0.1109375,2.190648657993936
243,0.0578125,0.5153125,0.0921875,1.6864160528261605
244,0.0578125,0.7296875,0.0921875,1.722705573021607
245,0.0521875,0.5153125,0.0921875,1.3468557669939425
246,0.0521875,0.7296875,0.1109375,1.692412159440731
247,0.0521875,0.7296875,0.0921875,1.2470755493319223
248,0.0128125,0.7603125,0.1859375,0.2562572684711368
249,0.0971875,0.7603125,0.1859375,6.674994798166929
250,0.0128125,0.9746875,0.1859375,0.0
251,0.0128125,0.7603125,0.1671875,0.3315838969110802
252,0.0128125,0.9746875,0.1671875,0.0
253,0.0971875,0.7603125,0.1671875,2.683281572999748
254,0.0971875,0.9746875,0.1859375,0.0
255,0.0971875,0.9746875,0.1671875,0.0
256,0.0184375,0.7296875,0.1203125,0.0442105833292741
257,0.0690625,0.7296875,0.1203125,3.938343325327053
258,0.0184375,0.6378125,0.1203125,0.0424312259152024
259,0.0184375,0.7296875,0.1953125,0.3970506736584628
260,0.0184375,0.6378125,0.1953125,0.2004601939385732
261,0.0690625,0.7296875,0.1953125,4.415880433163924
262,0.0690625,0.6378125,0.1203125,1.937246338861884
263,0.0690625,0.6378125,0.1953125,2.7595514767776543
264,0.0634375,0.9746875,0.1953125,0.0
265,0.0240625,0.9746875,0.1953125,0.0
266,0.0634375,0.8828125,0.1953125,0.0
267,0.0634375,0.9746875,0.1203125,0.0
268,0.0634375,0.8828125,0.1203125,0.0
269,0.0240625,0.9746875,0.1203125,0.0
270,0.0240625,0.8828125,0.1953125,0.0
271,0.0240625,0.8828125,0.1203125,0.0
272,0.0859375,0.6071875,0.0828125,3.618686613732908
273,0.0915625,0.6071875,0.0828125,0.9851573273066332
274,0.0859375,0.7603125,0.0828125,2.4584021247945267
275,0.0859375,0.6071875,0.0828125,2.463061862745622
276,0.0859375,0.7603125,0.0828125,2.245681166200304
277,0.0915625,0.6071875,0.0828125,3.682684468091006
278,0.0915625,0.7603125,0.0828125,4.04467960897722
279,0.0915625,0.7603125,0.0828125,4.082917626049393
280,0.0409375,0.8521875,0.1578125,0.0
281,0.0465625,0.8521875,0.1578125,0.0
282,0.0409375,0.5153125,0.1578125,1.169334170263347
283,0.0409375,0.8521875,0.1578125,0.0
284,0.0409375,0.5153125,0.1578125,1.1616129164735511
285,0.0465625,0.8521875,0.1578125,0.0
286,0.0465625,0.5153125,0.1578125,1.223147994439822
287,0.0465625,0.5153125,0.1578125,1.2297950924708625
288,0.0521875,0.5459375,0.1765625,1.0713007183173622
289,0.0353125,0.5459375,0.1765625,0.4711000085894615
290,0.0521875,0.5765625,0.1765625,1.2603934670025874
291,0.0521875,0.5459375,0.1765625,1.2320183282454455
292,0.0521875,0.5765625,0.1765625,1.509851830264327
293,0.0353125,0.5459375,0.1765625,0.8302247326800065
294,0.0353125,0.5765625,0.1765625,1.3346846957920984
295,0.0353125,0.5765625,0.1765625,1.1656351979970714
296,0.0971875,0.7909375000000001,0.1015625,2.1630234303194227
297,0.0803125,0.7909375000000001,0.1015625,2.1630234303194227
298,0.0971875,0.8215625,0.1015625,2.973213749463701
299,0.0971875,0.7909375000000001,0.1015625,2.3038429433649137
300,0.0971875,0.8215625,0.1015625,2.848001248439177
301,0.0803125,0.7909375000000001,0.1015625,2.080865204668481
302,0.0803125,0.8215625,0.1015625,4.541703041027635
303,0.0803125,0.8215625,0.1015625,2.792567394542381
304,0.0746875,0.6684375,0.1390625,4.034826287150556
305,0.0128125,0.6684375,0.1390625,0.0263482173515267
306,0.0746875,0.9440625,0.1390625,0.0
307,0.0746875,0.6684375,0.0640625,2.4613258739763224
308,0.0746875,0.9440625,0.0640625,0.0
309,0.0128125,0.6684375,0.0640625,0.0178168292915466
310,0.0128125,0.9440625,0.1390625,0.0
311,0.0128125,0.9440625,0.0640625,0.0
312,0.0296875,0.9134375,0.0640625,1.058551022718068
313,0.0578125,0.9134375,0.0640625,2.0883579556633824
314,0.0296875,0.6990625,0.0640625,0.2175588746177632
315,0.0296875,0.9134375,0.1390625,0.0
316,0.0296875,0.6990625,0.1390625,0.4545448720722433
317,0.0578125,0.9134375,0.1390625,0.0
318,0.0578125,0.6990625,0.0640625,1.943060673407513
319,0.0578125,0.6990625,0.1390625,1.6568647281276578
320,0.0240625,0.5765625,0.1296875,0.0470542121397042
321,0.0859375,0.5765625,0.1296875,1.0078505877762416
322,0.0240625,0.9134375,0.1296875,0.0
323,0.0240625,0.5765625,0.1484375,0.2197758919406995
324,0.0240625,0.9134375,0.1484375,0.0
325,0.0859375,0.5765625,0.1484375,1.3394305036373009
326,0.0859375,0.9134375,0.1296875,0.0
327,0.0859375,0.9134375,0.1484375,0.0
328,0.0690625,0.8215625,0.0546875,2.5276065591097225
329,0.0409375,0.8215625,0.0546875,1.6993499794927214
330,0.0690625,0.6684375,0.0546875,1.505483705447325
331,0.0690625,0.8215625,0.0734375,2.403108788049949
332,0.0690625,0.6684375,0.0734375,3.292636361096042
333,0.0409375,0.8215625,0.0734375,1.172198646121312
334,0.0409375,0.6684375,0.0546875,0.6983498817311724
335,0.0409375,0.6684375,0.0734375,0.3850278577967837
336,0.0915625,0.6990625,0.1671875,4.735881272643078
337,0.0634375,0.6990625,0.1671875,3.854578886181431
338,0.0915625,0.5459375,0.1671875,1.228903609577518
339,0.0915625,0.6990625,0.1109375,1.6975443454395316
340,0.0915625,0.5459375,0.1109375,1.1092339699089635
341,0.0634375,0.6990625,0.1109375,2.779023348731826
342,0.0634375,0.5459375,0.1671875,2.13415547851916
343,0.0634375,0.5459375,0.1109375,1.997288525633012
344,0.0465625,0.9440625,0.0921875,0.0
345,0.0184375,0.9440625,0.0921875,0.0
346,0.0465625,0.7909375000000001,0.0921875,2.019755492936512
347,0.0465625,0.9440625,0.1859375,0.0
348,0.0465625,0.7909375000000001,0.1859375,1.6393821898803953
349,0.0184375,0.9440625,0.1859375,0.0
350,0.0184375,0.7909375000000001,0.0921875,0.4055771179949457
351,0.0184375,0.7909375000000001,0.1859375,0.543589931421893
352,0.0353125,0.6378125,0.0734375,0.1335027118810356
353,0.0296875,0.6378125,0.0734375,0.2188121790333674
354,0.0353125,0.8521875,0.0734375,1.0499557029912228
355,0.0353125,0.6378125,0.1296875,1.063753887995182
356,0.0353125,0.8521875,0.1296875,1.6290470284500602
357,0.0296875,0.6378125,0.1296875,0.7602002081622381
358,0.0296875,0.8521875,0.0734375,0.4039831547261951
359,0.0296875,0.8521875,0.1296875,0.8843767431559354
360,0.0803125,0.8828125,0.1484375,0.0
361,0.0746875,0.8828125,0.1484375,0.0
362,0.0803125,0.6071875,0.1484375,2.837349528998338
363,0.0803125,0.8828125,0.0546875,3.04138126514911
364,0.0803125,0.6071875,0.0546875,1.7728965408690422
365,0.0746875,0.8828125,0.0546875,2.8809868432762684
366,0.0746875,0.6071875,0.1484375,2.686773006627688
367,0.0746875,0.6071875,0.0546875,2.3726055782327773
368,0.0578125,0.5153125,0.1109375,1.4480518066211212
369,0.0521875,0.5153125,0.1109375,1.1457258349101662
370,0.0578125,0.7296875,0.1109375,1.7620567644641174
371,0.0578125,0.5153125,0.0921875,1.4830298745189248
372,0.0578125,0.7296875,0.0921875,1.6181749865964623
373,0.0521875,0.5153125,0.0921875,1.7245368659352884
374,0.0521875,0.7296875,0.1109375,1.7877184178178012
375,0.0521875,0.7296875,0.0921875,1.1762077087507952
376,0.0128125,0.7603125,0.1859375,0.4324419010905037
377,0.0971875,0.7603125,0.1859375,0.0
378,0.0128125,0.9746875,0.1859375,0.0
379,0.0128125,0.7603125,0.1671875,0.1771733174761958
380,0.0128125,0.9746875,0.1671875,0.0
381,0.0971875,0.7603125,0.1671875,3.559026084010437
382,0.0971875,0.9746875,0.1859375,0.0
383,0.0971875,0.9746875,0.1671875,0.0
384,0.0184375,0.7296875,0.1203125,0.0368982949487732
385,0.0690625,0.7296875,0.1203125,1.9090655436626576
386,0.0184375,0.6378125,0.1203125,0.0518084100054583
387,0.0184375,0.7296875,0.1953125,0.4999526111698954
388,0.0184375,0.6378125,0.1953125,0.079273703079899
389,0.0690625,0.7296875,0.1953125,3.3424354892802346
390,0.0690625,0.6378125,0.1203125,1.8753002213505312
391,0.0690625,0.6378125,0.1953125,2.893540832011072
392,0.0634375,0.9746875,0.1953125,0.0
393,0.0240625,0.9746875,0.1953125,0.0
394,0.0634375,0.8828125,0.1953125,0.0
395,0.0634375,0.9746875,0.1203125,0.0
396,0.0634375,0.8828125,0.1203125,0.0
397,0.0240625,0.9746875,0.1203125,0.0
398,0.0240625,0.8828125,0.1953125,0.0
399,0.0240625,0.8828125,0.1203125,0.0
400,0.0859375,0.6071875,0.0828125,1.112820676365703
401,0.0915625,0.6071875,0.0828125,0.9759000729485332
402,0.0859375,0.7603125,0.0828125,3.557440629426356
403,0.0859375,0.6071875,0.0828125,3.7408197632691382
404,0.0859375,0.7603125,0.0828125,3.9056950906197607
405,0.0915625,0.6071875,0.0828125,1.1888796840080544
406,0.0915625,0.7603125,0.0828125,1.7043362064926937
407,0.0915625,0.7603125,0.0828125,1.979898987322333
408,0.0409375,0.8521875,0.1578125,0.0
409,0.0465625,0.8521875,0.1578125,0.0
410,0.0409375,0.5153125,0.1578125,1.1833476892974657
411,0.0409375,0.8521875,0.1578125,0.0
412,0.0409375,0.5153125,0.1578125,0.6221083838633246
413,0.0465625,0.8521875,0.1578125,0.0
414,0.0465625,0.5153125,0.1578125,1.2480893788023215
415,0.0465625,0.5153125,0.1578125,1.3107907706588586
416,0.0521875,0.5459375,0.1765625,1.4152641237016712
417,0.0353125,0.5459375,0.1765625,0.6836549630361478
418,0.0521875,0.5765625,0.1765625,2.0284378041552693
419,0.0521875,0.5459375,0.1765625,1.4492412829332366
420,0.0521875,0.5765625,0.1765625,1.985182333282859
421,0.0353125,0.5459375,0.1765625,0.8649566724329282
422,0.0353125,0.5765625,0.1765625,0.8974649938074665
423,0.0353125,0.5765625,0.1765625,0.68896968358318
424,0.0971875,0.7909375000000001,0.1015625,2.3861847269271523
425,0.0803125,0.7909375000000001,0.1015625,4.794343674820871
426,0.0971875,0.8215625,0.1015625,5.131601439446885
427,0.0971875,0.7909375000000001,0.1015625,3.04138126514911
428,0.0971875,0.8215625,0.1015625,5.131601439446885
429,0.0803125,0.7909375000000001,0.1015625,3.9925650140843993
430,0.0803125,0.8215625,0.1015625,3.0413812651491097
431,0.0803125,0.8215625,0.1015625,3.89525485438666
432,0.0746875,0.6684375,0.1390625,1.7423245880874756
433,0.0128125,0.6684375,0.1390625,0.0423916181505009
434,0.0746875,0.9440625,0.1390625,0.0
435,0.0746875,0.6684375,0.0640625,3.629280032771681
436,0.0746875,0.9440625,0.0640625,0.0
437,0.0128125,0.6684375,0.0640625,0.0277346631527893
438,0.0128125,0.9440625,0.1390625,0.0
439,0.0128125,0.9440625,0.0640625,0.0
440,0.0296875,0.9134375,0.0640625,1.899055762035444
441,0.0578125,0.9134375,0.0640625,2.9114243490305567
442,0.0296875,0.6990625,0.0640625,0.0916398537342573
443,0.0296875,0.9134375,0.1390625,0.0
444,0.0296875,0.6990625,0.1390625,0.4252096991078645
445,0.0578125,0.9134375,0.1390625,0.0
446,0.0578125,0.6990625,0.0640625,1.2458458191096329
447,0.0578125,0.6990625,0.1390625,2.6333246478193386
448,0.0240625,0.5765625,0.1296875,0.1739290580510017
449,0.0859375,0.5765625,0.1296875,1.2665997181560906
450,0.0240625,0.9134375,0.1296875,0.0
451,0.0240625,0.5765625,0.1484375,0.0386966362514798
452,0.0240625,0.9134375,0.1484375,0.0
453,0.0859375,0.5765625,0.1484375,1.7630834144447367
454,0.0859375,0.9134375,0.1296875,0.0
455,0.0859375,0.9134375,0.1484375,0.0
456,0.0690625,0.8215625,0.0546875,2.380621351110824
457,0.0409375,0.8215625,0.0546875,1.4508504324193876
458,0.0690625,0.6684375,0.0546875,1.1596972289959653
459,0.0690625,0.8215625,0.0734375,3.384748778906112
460,0.0690625,0.6684375,0.0734375,2.3271832394448952
461,0.0409375,0.8215625,0.0734375,0.7289605243365735
462,0.0409375,0.6684375,0.0546875,0.8235584604963098
463,0.0409375,0.6684375,0.0734375,1.1670990116689468
464,0.0915625,0.6990625,0.1671875,2.1134489978863145
465,0.0634375,0.6990625,0.1671875,3.631315779938288
466,0.0915625,0.5459375,0.1671875,1.4604820287808546
467,0.0915625,0.6990625,0.1109375,1.5806451612903225
468,0.0915625,0.5459375,0.1109375,1.0359395405656244
469,0.0634375,0.6990625,0.1109375,2.5400497948661416
470,0.0634375,0.5459375,0.1671875,3.066854590218314
471,0.0634375,0.5459375,0.1109375,1.8640611710671693
472,0.0465625,0.9440625,0.0921875,0.0
473,0.0184375,0.9440625,0.0921875,0.0
474,0.0465625,0.7909375000000001,0.0921875,2.198604029869604
475,0.0465625,0.9440625,0.1859375,0.0
476,0.0465625,0.7909375000000001,0.1859375,1.664040831046126
477,0.0184375,0.9440625,0.1859375,0.0
478,0.0184375,0.7909375000000001,0.0921875,0.0590572773250186
479,0.0184375,0.7909375000000001,0.1859375,0.487797559285138
480,0.0353125,0.6378125,0.0734375,0.5333699067038877
481,0.0296875,0.6378125,0.0734375,0.2244242487605994
482,0.0353125,0.8521875,0.0734375,0.4480010570941037
483,0.0353125,0.6378125,0.1296875,0.7513111022670212
484,0.0353125,0.8521875,0.1296875,1.309422396021066
485,0.0296875,0.6378125,0.1296875,0.3505634449019326
486,0.0296875,0.8521875,0.0734375,0.3712999104010806
487,0.0296875,0.8521875,0.1296875,0.9022272688869072
488,0.0803125,0.8828125,0.1484375,0.0
489,0.0746875,0.8828125,0.1484375,0.0
490,0.0803125,0.6071875,0.1484375,3.969369203883948
491,0.0803125,0.8828125,0.0546875,2.7385635295267416
492,0.0803125,0.6071875,0.0546875,1.1941672843276945
493,0.0746875,0.8828125,0.0546875,3.237282811247729
494,0.0746875,0.6071875,0.1484375,2.531753870483481
495,0.0746875,0.6071875,0.0546875,1.8141249249953693
496,0.0578125,0.5153125,0.1109375,2.2622476591691414
497,0.0521875,0.5153125,0.1109375,1.372055784669309
498,0.0578125,0.7296875,0.1109375,2.5285071933352468
499,0.0578125,0.5153125,0.0921875,1.5760919825459403
500,0.0578125,0.7296875,0.0921875,2.3226588394565515
501,0.0521875,0.5153125,0.0921875,1.210179459761685
502,0.0521875,0.7296875,0.1109375,1.3481683663587234
503,0.0521875,0.7296875,0.0921875,1.6462504803941318
504,0.0128125,0.7603125,0.1859375,0.3130654024287749
505,0.0971875,0.7603125,0.1859375,3.5590260840104366
506,0.0128125,0.9746875,0.1859375,0.0
507,0.0128125,0.7603125,0.1671875,0.2358421086051417
508,0.0128125,0.9746875,0.1671875,0.0
509,0.0971875,0.7603125,0.1671875,5.131601439446885
510,0.0971875,0.9746875,0.1859375,0.0
511,0.0971875,0.9746875,0.1671875,0.0
512,0.0184375,0.7296875,0.1203125,0.048367343867408
513,0.0690625,0.7296875,0.1203125,2.5900945035681
514,0.0184375,0.6378125,0.1203125,0.0330721612724206
515,0.0184375,0.7296875,0.1953125,0.3371476668063785
516,0.0184375,0.6378125,0.1953125,0.098238547588847
517,0.0690625,0.7296875,0.1953125,2.717024516308644
518,0.0690625,0.6378125,0.1203125,3.936513627760756
519,0.0690625,0.6378125,0.1953125,2.633497285906769
520,0.0634375,0.9746875,0.1953125,0.0
521,0.0240625,0.9746875,0.1953125,0.0
522,0.0634375,0.8828125,0.1953125,0.0
523,0.0634375,0.9746875,0.1203125,0.0
524,0.0634375,0.8828125,0.1203125,0.0
525,0.0240625,0.9746875,0.1203125,0.0
526,0.0240625,0.8828125,0.1953125,0.0
527,0.0240625,0.8828125,0.1203125,0.0
528,0.0859375,0.6071875,0.0828125,1.346666666666667
529,0.0915625,0.6071875,0.0828125,1.2297134308249298
530,0.0859375,0.7603125,0.0828125,1.6381678027601447
531,0.0859375,0.6071875,0.0828125,2.22236730793184
532,0.0859375,0.7603125,0.0828125,1.7358422403601528
533,0.0915625,0.6071875,0.0828125,1.1087718430768343
534,0.0915625,0.7603125,0.0828125,1.6400071669981586
535,0.0915625,0.7603125,0.0828125,2.717024516308644
536,0.0409375,0.8521875,0.1578125,0.0
537,0.0465625,0.8521875,0.1578125,0.0
538,0.0409375,0.5153125,0.1578125,1.2003285458354571
539,0.0409375,0.8521875,0.1578125,0.0
540,0.0409375,0.5153125,0.1578125,0.5404085175620926
541,0.0465625,0.8521875,0.1578125,0.0
542,0.0465625,0.5153125,0.1578125,1.4476329936637853
543,0.0465625,0.5153125,0.1578125,1.1837176832452605
544,0.0521875,0.5459375,0.1765625,1.4860634659719212
545,0.0353125,0.5459375,0.1765625,0.4582336947108111
546,0.0521875,0.5765625,0.1765625,2.319584306634735
547,0.0521875,0.5459375,0.1765625,1.595493841991711
548,0.0521875,0.5765625,0.1765625,1.9623028115504373
549,0.0353125,0.5459375,0.1765625,0.7543071583659497
550,0.0353125,0.5765625,0.1765625,0.9419672087194748
551,0.0353125,0.5765625,0.1765625,1.0592907412854864
552,0.0971875,0.7909375000000001,0.1015625,2.848001248439177
553,0.0803125,0.7909375000000001,0.1015625,3.920951140520185
554,0.0971875,0.8215625,0.1015625,2.683281572999748
555,0.0971875,0.7909375000000001,0.1015625,2.848001248439177
556,0.0971875,0.8215625,0.1015625,4.14996653266291
557,0.0803125,0.7909375000000001,0.1015625,4.555858604866264
558,0.0803125,0.8215625,0.1015625,5.208067486328182
559,0.0803125,0.8215625,0.1015625,4.046710734484866
560,0.0746875,0.6684375,0.1390625,3.077207082140192
561,0.0128125,0.6684375,0.1390625,0.0369836847499334
562,0.0746875,0.9440625,0.1390625,0.0
563,0.0746875,0.6684375,0.0640625,3.719905175299088
564,0.0746875,0.9440625,0.0640625,0.0
565,0.0128125,0.6684375,0.0640625,0.0192219598455662
566,0.0128125,0.9440625,0.1390625,0.0
567,0.0128125,0.9440625,0.0640625,0.0
568,0.0296875,0.9134375,0.0640625,0.7200965859004946
569,0.0578125,0.9134375,0.0640625,2.728360560446053
570,0.0296875,0.6990625,0.0640625,0.0533941011529134
571,0.0296875,0.9134375,0.1390625,0.0
572,0.0296875,0.6990625,0.1390625,0.4720477378584826
573,0.0578125,0.9134375,0.1390625,0.0
574,0.0578125,0.6990625,0.0640625,1.449615794189164
575,0.0578125,0.6990625,0.1390625,1.7400025457183788
576,0.0240625,0.5765625,0.1296875,0.2392664107919635
577,0.0859375,0.5765625,0.1296875,0.9195476426134817
578,0.0240625,0.9134375,0.1296875,0.0
579,0.0240625,0.5765625,0.1484375,0.2308596924405958
580,0.0240625,0.9134375,0.1484375,0.0
581,0.0859375,0.5765625,0.1484375,1.2697197980857704
582,0.0859375,0.9134375,0.1296875,0.0
583,0.0859375,0.9134375,0.1484375,0.0
584,0.0690625,0.8215625,0.0546875,3.6791859208400703
585,0.0409375,0.8215625,0.0546875,0.7567177313402728
586,0.0690625,0.6684375,0.0546875,1.8356378323217657
587,0.0690625,0.8215625,0.0734375,2.13831674488014
588,0.0690625,0.6684375,0.0734375,1.460194831804456
589,0.0409375,0.8215625,0.0734375,0.9098346068878412
590,0.0409375,0.6684375,0.0546875,0.4724043421968866
591,0.0409375,0.6684375,0.0734375,0.223348600948367
592,0.0915625,0.6990625,0.1671875,2.1630234303194227
593,0.0634375,0.6990625,0.1671875,3.837515459398611
594,0.0915625,0.5459375,0.1671875,1.2143404674633331
595,0.0915625,0.6990625,0.1109375,3.454442320426317
596,0.0915625,0.5459375,0.1109375,1.012121654694948
597,0.0634375,0.6990625,0.1109375,2.4947661881092853
598,0.0634375,0.5459375,0.1671875,2.490297430573631
599,0.0634375,0.5459375,0.1109375,1.8086959315544944
600,0.0465625,0.9440625,0.0921875,0.0
601,0.0184375,0.9440625,0.0921875,0.0
602,0.0465625,0.7909375000000001,0.0921875,1.36585935520797
603,0.0465625,0.9440625,0.1859375,0.0
604,0.0465625,0.7909375000000001,0.1859375,1.1859496786301154
605,0.0184375,0.9440625,0.1859375,0.0
606,0.0184375,0.7909375000000001,0.0921875,0.0485612517201306
607,0.0184375,0.7909375000000001,0.1859375,0.645441778204251
608,0.0353125,0.6378125,0.0734375,0.9467974630298932
609,0.0296875,0.6378125,0.0734375,0.0430776505964509
610,0.0353125,0.8521875,0.0734375,1.289587639194445
611,0.0353125,0.6378125,0.1296875,0.4500930226312006
612,0.0353125,0.8521875,0.1296875,1.7557506984724416
613,0.0296875,0.6378125,0.1296875,0.2288910791192531
614,0.0296875,0.8521875,0.0734375,0.4952391051170697
615,0.0296875,0.8521875,0.1296875,0.9397050598723168
616,0.0803125,0.8828125,0.1484375,0.0
617,0.0746875,0.8828125,0.1484375,0.0
618,0.0803125,0.6071875,0.1484375,2.9200613853190176
619,0.0803125,0.8828125,0.0546875,2.3622546250521443
620,0.0803125,0.6071875,0.0546875,3.285820869981944
621,0.0746875,0.8828125,0.0546875,2.7946229361707995
622,0.0746875,0.6071875,0.1484375,3.3430875948240817
623,0.0746875,0.6071875,0.0546875,1.6830748632893593
624,0.0578125,0.5153125,0.1109375,2.0402839265729664
625,0.0521875,0.5153125,0.1109375,1.2975829974793684
626,0.0578125,0.7296875,0.1109375,2.20944747256952
627,0.0578125,0.5153125,0.0921875,1.1714059932815477
628,0.0578125,0.7296875,0.0921875,1.9885913911144724
629,0.0521875,0.5153125,0.0921875,1.1697330070880785
630,0.0521875,0.7296875,0.1109375,1.6875002533545722
631,0.0521875,0.7296875,0.0921875,1.8382693978132691
632,0.0128125,0.7603125,0.1859375,0.2583101011722671
633,0.0971875,0.7603125,0.1859375,5.131601439446885
634,0.0128125,0.9746875,0.1859375,0.0
635,0.0128125,0.7603125,0.1671875,0.3590687113733279
636,0.0128125,0.9746875,0.1671875,0.0
637,0.0971875,0.7603125,0.1671875,5.131601439446885
638,0.0971875,0.9746875,0.1859375,0.0
639,0.0971875,0.9746875,0.1671875,0.0
640,0.0184375,0.7296875,0.1203125,0.3495934092095669
641,0.0690625,0.7296875,0.1203125,2.814458249988744
642,0.0184375,0.6378125,0.1203125,0.0604885842754045
643,0.0184375,0.7296875,0.1953125,0.4063352698947168
644,0.0184375,0.6378125,0.1953125,0.0846501690346509
645,0.0690625,0.7296875,0.1953125,2.866868485166804
646,0.0690625,0.6378125,0.1203125,3.519527345814637
647,0.0690625,0.6378125,0.1953125,2.773406166196088
648,0.0634375,0.9746875,0.1953125,0.0
649,0.0240625,0.9746875,0.1953125,0.0
650,0.0634375,0.8828125,0.1953125,0.0
651,0.0634375,0.9746875,0.1203125,0.0
652,0.0634375,0.8828125,0.1203125,0.0
653,0.0240625,0.9746875,0.1203125,0.0
654,0.0240625,0.8828125,0.1953125,0.0
655,0.0240625,0.8828125,0.1203125,0.0
656,0.0859375,0.6071875,0.0828125,2.4717424878248595
657,0.0915625,0.6071875,0.0828125,3.5536479325946733
658,0.0859375,0.7603125,0.0828125,1.9798989873223327
659,0.0859375,0.6071875,0.0828125,0.9866606249114616
660,0.0859375,0.7603125,0.0828125,2.0286231560501222
661,0.0915625,0.6071875,0.0828125,1.0051143053724212
662,0.0915625,0.7603125,0.0828125,3.680168571357919
663,0.0915625,0.7603125,0.0828125,2.03100960115899
664,0.0409375,0.8521875,0.1578125,0.0
665,0.0465625,0.8521875,0.1578125,0.0
666,0.0409375,0.5153125,0.1578125,1.1261424386073642
667,0.0409375,0.8521875,0.1578125,0.0
668,0.0409375,0.5153125,0.1578125,0.9806945334471732
669,0.0465625,0.8521875,0.1578125,0.0
670,0.0465625,0.5153125,0.1578125,1.0939070315424395
671,0.0465625,0.5153125,0.1578125,1.296691470795032
672,0.0521875,0.5459375,0.1765625,1.4779462360563187
673,0.0353125,0.5459375,0.1765625,0.4577031890404318
674,0.0521875,0.5765625,0.1765625,1.769400951155756
675,0.0521875,0.5459375,0.1765625,1.518772112843367
676,0.0521875,0.5765625,0.1765625,1.7843958555436288
677,0.0353125,0.5459375,0.1765625,1.3934719371716526
678,0.0353125,0.5765625,0.1765625,1.1684835323876603
679,0.0353125,0.5765625,0.1765625,0.4887038319854342
680,0.0971875,0.7909375000000001,0.1015625,2.50561499613882
681,0.0803125,0.7909375000000001,0.1015625,2.434018168470492
682,0.0971875,0.8215625,0.1015625,3.2732683535398857
683,0.0971875,0.7909375000000001,0.1015625,2.6923076923076925
684,0.0971875,0.8215625,0.1015625,2.5056149961388203
685,0.0803125,0.7909375000000001,0.1015625,1.963262590689284
686,0.0803125,0.8215625,0.1015625,3.5001714243733835
687,0.0803125,0.8215625,0.1015625,3.183677507087645
688,0.0746875,0.6684375,0.1390625,2.6340309635679247
689,0.0128125,0.6684375,0.1390625,0.0248010345351465
690,0.0746875,0.9440625,0.1390625,0.0
691,0.0746875,0.6684375,0.0640625,3.442601777632731
692,0.0859375,0.5765625,0.1484375,1.8347388216179057
693,0.0128125,0.6684375,0.0640625,0.0150771255247228
694,0.0128125,0.9440625,0.1390625,0.0
695,0.0128125,0.9440625,0.0640625,0.0
696,0.0296875,0.9134375,0.0640625,1.1144936460517068
697,0.0578125,0.9134375,0.0640625,3.249655822647741
698,0.0296875,0.6990625,0.0640625,0.0682378599704687
699,0.0296875,0.9134375,0.1390625,0.0
700,0.0296875,0.6990625,0.1390625,0.5978136079327341
701,0.0578125,0.9134375,0.1390625,0.0
702,0.0578125,0.6990625,0.0640625,1.3520470155911355
703,0.0578125,0.6990625,0.1390625,1.9829757482520307
704,0.0240625,0.5765625,0.1296875,0.0640823823722315
705,0.0859375,0.5765625,0.1296875,3.1585279132688053
706,0.0240625,0.9134375,0.1296875,0.0
707,0.0240625,0.5765625,0.1484375,0.3198212045730925
708,0.0240625,0.9134375,0.1484375,0.0
709,0.0859375,0.5765625,0.1484375,1.0060781595989796
710,0.0859375,0.9134375,0.1296875,0.0
711,0.0859375,0.9134375,0.1484375,0.0
712,0.0690625,0.8215625,0.0546875,1.9526916131418068
713,0.0409375,0.8215625,0.0546875,0.881059834172908
714,0.0690625,0.6684375,0.0546875,3.573191376698626
715,0.0690625,0.8215625,0.0734375,2.7426529742064663
716,0.0690625,0.6684375,0.0734375,1.8361661411054169
717,0.0409375,0.8215625,0.0734375,1.0025927893948048
718,0.0409375,0.6684375,0.0546875,0.9565778073589636
719,0.0409375,0.6684375,0.0734375,0.7288916839799423
720,0.0915625,0.6990625,0.1671875,1.4891601987371854
721,0.0634375,0.6990625,0.1671875,2.166666666666667
722,0.0915625,0.5459375,0.1671875,2.2776038339396805
723,0.0915625,0.6990625,0.1109375,1.588533128392354
724,0.0915625,0.5459375,0.1109375,3.8671284277029017
725,0.0634375,0.6990625,0.1109375,2.644270744094538
726,0.0634375,0.5459375,0.1671875,1.9091950297769948
727,0.0634375,0.5459375,0.1109375,1.6518700701548197
728,0.0465625,0.9440625,0.0921875,0.0
729,0.0184375,0.9440625,0.0921875,0.0
730,0.0465625,0.7909375000000001,0.0921875,1.795011019123823
731,0.0465625,0.9440625,0.1859375,0.0
732,0.0465625,0.7909375000000001,0.1859375,2.692219692929981
733,0.0184375,0.9440625,0.1859375,0.0
734,0.0184375,0.7909375000000001,0.0921875,0.0823792028967103
735,0.0184375,0.7909375000000001,0.1859375,0.6123540334982874
736,0.0353125,0.6378125,0.0734375,0.4643983233274578
737,0.0296875,0.6378125,0.0734375,0.0629789962099487
738,0.0353125,0.8521875,0.0734375,0.6286956313783697
739,0.0353125,0.6378125,0.1296875,0.6233742386231896
740,0.0353125,0.8521875,0.1296875,1.6014001578017625
741,0.0296875,0.6378125,0.1296875,0.2987949551010545
742,0.0296875,0.8521875,0.0734375,1.2509663364016317
743,0.0296875,0.8521875,0.1296875,0.9864891460176128
744,0.0803125,0.8828125,0.1484375,0.0
745,0.0746875,0.8828125,0.1484375,0.0
746,0.0803125,0.6071875,0.1484375,3.749304398933163
747,0.0803125,0.8828125,0.0546875,2.713089004646591
748,0.0803125,0.6071875,0.0546875,3.171852476149211
749,0.0746875,0.8828125,0.0546875,2.8846067668471207
750,0.0746875,0.6071875,0.1484375,2.721953623445112
751,0.0746875,0.6071875,0.0546875,2.3966035066382623
752,0.0578125,0.5153125,0.1109375,1.5051511594586655
753,0.0521875,0.5153125,0.1109375,0.920019406734238
754,0.0578125,0.7296875,0.1109375,2.407102931440888
755,0.0578125,0.5153125,0.0921875,1.6029650109791584
756,0.0578125,0.7296875,0.0921875,3.429900048583493
757,0.0521875,0.5153125,0.0921875,1.1769504252366296
758,0.0521875,0.7296875,0.1109375,1.4525669745526224
759,0.0521875,0.7296875,0.0921875,1.6009988624562017
760,0.0128125,0.7603125,0.1859375,0.2967726102599623
761,0.0971875,0.7603125,0.1859375,5.131601439446885
762,0.0128125,0.9746875,0.1859375,0.0
763,0.0128125,0.7603125,0.1671875,0.2134440574579937
764,0.0128125,0.9746875,0.1671875,0.0
765,0.0971875,0.7603125,0.1671875,9.0
766,0.0971875,0.9746875,0.1859375,0.0
767,0.0971875,0.9746875,0.1671875,0.0
768,0.0184375,0.7296875,0.1203125,0.0763293853154323
769,0.0690625,0.7296875,0.1203125,2.2022397614894933
770,0.0184375,0.6378125,0.1203125,0.0703394478246189
771,0.0184375,0.7296875,0.1953125,0.2880128173869308
772,0.0184375,0.6378125,0.1953125,0.1765758198379486
773,0.0690625,0.7296875,0.1953125,2.7946229361707995
774,0.0690625,0.6378125,0.1203125,1.9944856720906992
775,0.0690625,0.6378125,0.1953125,2.934818462801102
776,0.0634375,0.9746875,0.1953125,0.0
777,0.0240625,0.9746875,0.1953125,0.0
778,0.0634375,0.8828125,0.1953125,0.0
779,0.0634375,0.9746875,0.1203125,0.0
780,0.0634375,0.8828125,0.1203125,0.0
781,0.0240625,0.9746875,0.1203125,0.0
782,0.0240625,0.8828125,0.1953125,0.0
783,0.0240625,0.8828125,0.1203125,0.0
784,0.0859375,0.6071875,0.0828125,2.5583148872169037
785,0.0915625,0.6071875,0.0828125,1.5934323424405947
786,0.0859375,0.7603125,0.0828125,1.4649649992336309
787,0.0859375,0.6071875,0.0828125,3.321739838632092
788,0.0859375,0.7603125,0.0828125,2.183031149571623
789,0.0915625,0.6071875,0.0828125,2.6348470318399637
790,0.0915625,0.7603125,0.0828125,1.9581795423763888
791,0.0915625,0.7603125,0.0828125,3.709342020167085
792,0.0409375,0.8521875,0.1578125,0.0
793,0.0465625,0.8521875,0.1578125,0.0
794,0.0409375,0.5153125,0.1578125,0.6373065345598142
795,0.0409375,0.8521875,0.1578125,0.0
796,0.0409375,0.5153125,0.1578125,0.9398382609816508
797,0.0465625,0.8521875,0.1578125,0.0
798,0.0465625,0.5153125,0.1578125,1.3239337733573258
799,0.0465625,0.5153125,0.1578125,1.2357991484110835
800,0.0521875,0.5459375,0.1765625,1.3847983371826529
801,0.0353125,0.5459375,0.1765625,0.6109022196008522
802,0.0521875,0.5765625,0.1765625,2.101344941732763
803,0.0521875,0.5459375,0.1765625,1.6841017857747258
804,0.0521875,0.5765625,0.1765625,1.586386640503448
805,0.0353125,0.5459375,0.1765625,0.435993724877054
806,0.0353125,0.5765625,0.1765625,0.834194683931609
807,0.0353125,0.5765625,0.1765625,0.7289812567755429
808,0.0971875,0.7909375000000001,0.1015625,2.443358344574124
809,0.0803125,0.7909375000000001,0.1015625,2.873406333617873
810,0.0971875,0.8215625,0.1015625,3.924283374069716
811,0.0971875,0.7909375000000001,0.1015625,2.4152294576982394
812,0.0971875,0.8215625,0.1015625,2.7946229361707995
813,0.0803125,0.7909375000000001,0.1015625,2.6643508462848446
814,0.0803125,0.8215625,0.1015625,4.772777076571276
815,0.0803125,0.8215625,0.1015625,3.966698107689949
816,0.0746875,0.6684375,0.1390625,2.6483963990602506
817,0.0128125,0.6684375,0.1390625,0.0225595237062094
818,0.0746875,0.9440625,0.1390625,0.0
819,0.0746875,0.6684375,0.0640625,3.45335989754814
820,0.0746875,0.9440625,0.0640625,0.0
821,0.0128125,0.6684375,0.0640625,0.0247777425316178
822,0.0128125,0.9440625,0.1390625,0.0
823,0.0128125,0.9440625,0.0640625,0.0
824,0.0296875,0.9134375,0.0640625,0.6842854686951779
825,0.0578125,0.9134375,0.0640625,2.2175147188612003
826,0.0296875,0.6990625,0.0640625,0.4800287501702578
827,0.0296875,0.9134375,0.1390625,0.0
828,0.0296875,0.6990625,0.1390625,0.6001294805567504
829,0.0578125,0.9134375,0.1390625,0.0
830,0.0578125,0.6990625,0.0640625,1.8640464431712584
831,0.0578125,0.6990625,0.1390625,1.7693609639172372
832,0.0240625,0.5765625,0.1296875,0.2461846150639044
833,0.0859375,0.5765625,0.1296875,1.100132639484799
834,0.0240625,0.9134375,0.1296875,0.0
835,0.0240625,0.5765625,0.1484375,0.2646669310252309
836,0.0240625,0.9134375,0.1484375,0.0
837,0.0859375,0.5765625,0.1484375,1.31125426790613
839,0.0915625,0.6990625,0.11093750000000001,1.6305019427666603
838,0.0859375,0.9134375,0.1296875,0.0
840,0.0690625,0.8215625,0.0546875,1.495802672640558
841,0.0409375,0.8215625,0.0546875,1.094464482594053
842,0.0690625,0.6684375,0.0546875,1.8711307327404216
843,0.0690625,0.8215625,0.0734375,2.468477453187328
844,0.0690625,0.6684375,0.0734375,3.4740265465363622
845,0.0409375,0.8215625,0.0734375,1.0156776439498134
846,0.0409375,0.6684375,0.0546875,0.4725708555880946
847,0.0409375,0.6684375,0.0734375,0.4010470226407909
848,0.0915625,0.6990625,0.1671875,2.5056149961388203
849,0.0634375,0.6990625,0.1671875,2.258134972431676
850,0.0915625,0.5459375,0.1671875,2.4766913412857887
851,0.0915625,0.6990625,0.1109375,1.9217252914330945
852,0.0915625,0.5459375,0.1109375,1.1272840062598382
853,0.0634375,0.6990625,0.1109375,2.3838100508302382
854,0.0634375,0.5459375,0.1671875,2.580262717218374
855,0.0634375,0.5459375,0.1109375,2.317657348046034
856,0.0465625,0.9440625,0.0921875,0.0
857,0.0184375,0.9440625,0.0921875,0.0
858,0.0465625,0.7909375000000001,0.0921875,3.621904257591546
859,0.0465625,0.9440625,0.1859375,0.0
860,0.0465625,0.7909375000000001,0.1859375,2.407732985717366
861,0.0184375,0.9440625,0.1859375,0.0
862,0.0184375,0.7909375000000001,0.0921875,0.0279806501670366
863,0.0184375,0.7909375000000001,0.1859375,0.5680251299823368
864,0.0353125,0.6378125,0.0734375,0.5206726823948465
865,0.0296875,0.6378125,0.0734375,0.0921397195864721
866,0.0353125,0.8521875,0.0734375,1.1420005733314182
867,0.0353125,0.6378125,0.1296875,0.831782625792828
868,0.0353125,0.8521875,0.1296875,1.078204996542011
869,0.0296875,0.6378125,0.1296875,0.6597840934067536
870,0.0296875,0.8521875,0.0734375,0.6677886504363582
871,0.0296875,0.8521875,0.1296875,1.0613065521484053
872,0.0803125,0.8828125,0.1484375,0.0
873,0.0746875,0.8828125,0.1484375,0.0
874,0.0803125,0.6071875,0.1484375,3.674753312544236
875,0.0803125,0.8828125,0.0546875,3.946978097918655
876,0.0803125,0.6071875,0.0546875,3.294739572615935
877,0.0746875,0.8828125,0.0546875,5.040166328858432
878,0.0746875,0.6071875,0.1484375,3.331644049265455
879,0.0746875,0.6071875,0.0546875,2.403038242613047
880,0.0578125,0.5153125,0.1109375,1.3908165871376623
881,0.0521875,0.5153125,0.1109375,1.5518273086157712
882,0.0578125,0.7296875,0.1109375,1.7892639881922652
883,0.0578125,0.5153125,0.0921875,1.6978411698983862
884,0.0578125,0.7296875,0.0921875,2.3433984880284298
885,0.0521875,0.5153125,0.0921875,0.7424956455703762
886,0.0521875,0.7296875,0.1109375,1.5757581974895336
887,0.0521875,0.7296875,0.0921875,1.696346048998765
888,0.0128125,0.7603125,0.1859375,0.4010755374016986
889,0.0971875,0.7603125,0.1859375,4.686149805543993
890,0.0128125,0.9746875,0.1859375,0.0
891,0.0128125,0.7603125,0.1671875,0.2751481477037834
892,0.0128125,0.9746875,0.1671875,0.0
893,0.0971875,0.7603125,0.1671875,3.924283374069716
894,0.0971875,0.9746875,0.1859375,0.0
895,0.0971875,0.9746875,0.1671875,0.0
896,0.0184375,0.7296875,0.1203125,0.0650264816256452
897,0.0690625,0.7296875,0.1203125,3.4317809247651363
898,0.0184375,0.6378125,0.1203125,0.0206618978998429
899,0.0184375,0.7296875,0.1953125,0.3769173732410006
900,0.0184375,0.6378125,0.1953125,0.1364394634255938
901,0.0690625,0.7296875,0.1953125,4.503362834217226
902,0.0690625,0.6378125,0.1203125,1.845279387622785
903,0.0690625,0.6378125,0.1953125,2.7453295124575927
904,0.0634375,0.9746875,0.1953125,0.0
905,0.0240625,0.9746875,0.1953125,0.0
906,0.0634375,0.8828125,0.1953125,0.0
907,0.0634375,0.9746875,0.1203125,0.0
908,0.0634375,0.8828125,0.1203125,0.0
909,0.0240625,0.9746875,0.1203125,0.0
910,0.0240625,0.8828125,0.1953125,0.0
911,0.0240625,0.8828125,0.1203125,0.0
912,0.0859375,0.6071875,0.0828125,1.3375782766845847
913,0.0915625,0.6071875,0.0828125,1.0442847778218485
914,0.0859375,0.7603125,0.0828125,1.770012360003561
915,0.0859375,0.6071875,0.0828125,1.1778025874106588
916,0.0859375,0.7603125,0.0828125,1.8979043222266316
917,0.0915625,0.6071875,0.0828125,1.0780400738625298
918,0.0915625,0.7603125,0.0828125,1.6381678027601447
919,0.0915625,0.7603125,0.0828125,2.015373016357451
920,0.0409375,0.8521875,0.1578125,0.0
921,0.0465625,0.8521875,0.1578125,0.0
922,0.0409375,0.5153125,0.1578125,1.307489225061946
923,0.0409375,0.8521875,0.1578125,0.0
924,0.0409375,0.5153125,0.1578125,0.8235980305707378
925,0.0465625,0.8521875,0.1578125,0.0
926,0.0465625,0.5153125,0.1578125,1.475794551826819
927,0.0465625,0.5153125,0.1578125,1.1860053478909218
928,0.0521875,0.5459375,0.1765625,2.5359426678147976
929,0.0353125,0.5459375,0.1765625,0.4736595409871689
930,0.0521875,0.5765625,0.1765625,1.568665396509717
931,0.0521875,0.5459375,0.1765625,1.856087439394568
932,0.0521875,0.5765625,0.1765625,2.0181146311888543
933,0.0353125,0.5459375,0.1765625,0.4066150949309021
934,0.0353125,0.5765625,0.1765625,0.7040808340056206
937,0.018437500000000002,0.9440625,0.18593750000000003,0.0
935,0.0353125,0.5765625,0.1765625,0.9515428729542608
936,0.0971875,0.7909375000000001,0.1015625,2.1372648957412608
938,0.0971875,0.8215625,0.1015625,4.456894134421838
939,0.0971875,0.7909375000000001,0.1015625,2.177154105707724
940,0.0971875,0.8215625,0.1015625,3.04138126514911
941,0.0803125,0.7909375000000001,0.1015625,3.98166758578526
942,0.0803125,0.8215625,0.1015625,2.9732137494637016
943,0.0803125,0.8215625,0.1015625,3.1836775070876446
944,0.0746875,0.6684375,0.1390625,2.724269315021672
945,0.0128125,0.6684375,0.1390625,0.0249712349733128
946,0.0746875,0.9440625,0.1390625,0.0
947,0.0746875,0.6684375,0.0640625,2.3062240664004103
948,0.0746875,0.9440625,0.0640625,0.0
949,0.0128125,0.6684375,0.0640625,0.0217872305446142
950,0.0128125,0.9440625,0.1390625,0.0
951,0.0128125,0.9440625,0.0640625,0.0
952,0.0296875,0.9134375,0.0640625,1.3507504846305511
953,0.0578125,0.9134375,0.0640625,2.699873480893791
954,0.0296875,0.6990625,0.0640625,0.5727171157816175
955,0.0296875,0.9134375,0.1390625,0.0
956,0.0296875,0.6990625,0.1390625,0.3398411866693152
957,0.0578125,0.9134375,0.1390625,0.0
958,0.0578125,0.6990625,0.0640625,1.7530617566378193
959,0.0578125,0.6990625,0.1390625,1.7768928827843091
960,0.0240625,0.5765625,0.1296875,0.1009749097407754
961,0.0859375,0.5765625,0.1296875,2.139938496405308
962,0.0240625,0.9134375,0.1296875,0.0
963,0.0240625,0.5765625,0.1484375,0.2078218847523945
964,0.0240625,0.9134375,0.1484375,0.0
965,0.0859375,0.5765625,0.1484375,1.325180956568941
966,0.0859375,0.9134375,0.1296875,0.0
967,0.0859375,0.9134375,0.1484375,0.0
968,0.0690625,0.8215625,0.0546875,1.9118139550694728
969,0.0409375,0.8215625,0.0546875,1.342328774724881
970,0.0690625,0.6684375,0.0546875,1.7710636136729196
971,0.0690625,0.8215625,0.0734375,2.5679594929344947
972,0.0690625,0.6684375,0.0734375,2.128263978370667
973,0.0409375,0.8215625,0.0734375,1.0920453246181718
974,0.0409375,0.6684375,0.0546875,0.4710241865919176
975,0.0409375,0.6684375,0.0734375,0.8908946398786861
976,0.0915625,0.6990625,0.1671875,2.434018168470492
977,0.0634375,0.6990625,0.1671875,2.4384578566773416
978,0.0915625,0.5459375,0.1671875,1.2819309851760576
979,0.0915625,0.6990625,0.1109375,2.023530221225524
980,0.0915625,0.5459375,0.1109375,1.0960129764033109
981,0.0634375,0.6990625,0.1109375,2.5024982374810563
982,0.0634375,0.5459375,0.1671875,2.7254541288646865
983,0.0634375,0.5459375,0.1109375,1.309209902972333
984,0.0465625,0.9440625,0.0921875,0.0
985,0.0184375,0.9440625,0.0921875,0.0
986,0.0465625,0.7909375000000001,0.0921875,1.736122167126212
987,0.0465625,0.9440625,0.1859375,0.0
988,0.0465625,0.7909375000000001,0.1859375,2.3319555160692107
989,0.0184375,0.9440625,0.1859375,0.0
990,0.0184375,0.7909375000000001,0.0921875,0.0783324326198285
991,0.0184375,0.7909375000000001,0.1859375,0.6185079463154791
992,0.0353125,0.6378125,0.0734375,0.7479845510244498
993,0.0296875,0.6378125,0.0734375,0.0629776873242987
994,0.0353125,0.8521875,0.0734375,1.489936891507199
995,0.0353125,0.6378125,0.1296875,0.9329259872768798
996,0.0353125,0.8521875,0.1296875,1.5365495781522684
997,0.0296875,0.6378125,0.1296875,0.7618468445867771
998,0.0296875,0.8521875,0.0734375,0.8892319553228619
999,0.0296875,0.8521875,0.1296875,1.2110181077239972
1000,0.0803125,0.8828125,0.1484375,0.0
1001,0.0746875,0.8828125,0.1484375,0.0
1002,0.0803125,0.6071875,0.1484375,1.5060852176841883
1003,0.0803125,0.8828125,0.0546875,5.131601439446885
1004,0.0803125,0.6071875,0.0546875,3.641949676193143
1005,0.0746875,0.8828125,0.0546875,4.805490330958395
1006,0.0746875,0.6071875,0.1484375,3.568692222871288
1007,0.0746875,0.6071875,0.0546875,2.40697870078502
1008,0.0578125,0.5153125,0.1109375,1.707297816085689
1009,0.0521875,0.5153125,0.1109375,1.464701391340771
1010,0.0578125,0.7296875,0.1109375,2.5768260740005005
1011,0.0578125,0.5153125,0.0921875,1.3862685471432143
1012,0.0578125,0.7296875,0.0921875,2.5092856887168784
1013,0.0521875,0.5153125,0.0921875,1.1568314001268225
1014,0.0521875,0.7296875,0.1109375,1.963926860708211
1015,0.0521875,0.7296875,0.0921875,1.9837301575051252
1016,0.0128125,0.7603125,0.1859375,0.1790094667111667
1017,0.0971875,0.7603125,0.1859375,6.324555320336758
1018,0.0128125,0.9746875,0.1859375,0.0
1019,0.0128125,0.7603125,0.1671875,0.2193968219640701
1020,0.0128125,0.9746875,0.1671875,0.0
1021,0.0971875,0.7603125,0.1671875,3.749829928116197
1022,0.0971875,0.9746875,0.1859375,0.0
1023,0.0971875,0.9746875,0.1671875,0.0
1024,0.0184375,0.7296875,0.1203125,0.0902021763577161
1025,0.0690625,0.7296875,0.1203125,2.2725477985291547
1026,0.0184375,0.6378125,0.1203125,0.0379403996291634
1027,0.0184375,0.7296875,0.1953125,0.4210668609018606
1028,0.0184375,0.6378125,0.1953125,0.1707951182841291
1029,0.0690625,0.7296875,0.1953125,3.106507786083917
1030,0.0690625,0.6378125,0.1203125,2.539681933312304
1031,0.0690625,0.6378125,0.1953125,2.1391587131393504
1032,0.0634375,0.9746875,0.1953125,0.0
1036,0.029687500000000006,0.8521875,0.1296875,0.6962621364705474
1033,0.0240625,0.9746875,0.1953125,0.0
1034,0.0634375,0.8828125,0.1953125,0.0
1035,0.0634375,0.9746875,0.1203125,0.0
1037,0.0240625,0.9746875,0.1203125,0.0
1038,0.0240625,0.8828125,0.1953125,0.0
1039,0.0240625,0.8828125,0.1203125,0.0
1040,0.0859375,0.6071875,0.0828125,1.3066434376564755
1041,0.0915625,0.6071875,0.0828125,3.932420527158584
1042,0.0859375,0.7603125,0.0828125,3.7390983440311554
1043,0.0859375,0.6071875,0.0828125,3.5326111672097613
1044,0.0859375,0.7603125,0.0828125,4.193890303585476
1045,0.0915625,0.6071875,0.0828125,1.1504402871049122
1046,0.0915625,0.7603125,0.0828125,2.176085870650817
1047,0.0915625,0.7603125,0.0828125,2.020555524626624
1048,0.0409375,0.8521875,0.1578125,0.0
1049,0.0465625,0.8521875,0.1578125,0.0
1050,0.0409375,0.5153125,0.1578125,0.6979698956427337
1051,0.0409375,0.8521875,0.1578125,0.0
1052,0.0409375,0.5153125,0.1578125,0.468119927976126
1053,0.0465625,0.8521875,0.1578125,0.0
1054,0.0465625,0.5153125,0.1578125,1.289428428184773
1055,0.0465625,0.5153125,0.1578125,1.1414247150307535
1056,0.0521875,0.5459375,0.1765625,2.182922583182118
1057,0.0353125,0.5459375,0.1765625,0.6536380401911919
1058,0.0521875,0.5765625,0.1765625,1.5807445307328996
1059,0.0521875,0.5459375,0.1765625,1.273789369490937
1060,0.0521875,0.5765625,0.1765625,1.6078958444631255
1061,0.0353125,0.5459375,0.1765625,0.7375743853920185
1062,0.0353125,0.5765625,0.1765625,0.8310685855111374
1063,0.0353125,0.5765625,0.1765625,0.8949926803232687
1064,0.0971875,0.7909375000000001,0.1015625,2.640496586292477
1065,0.0803125,0.7909375000000001,0.1015625,3.052193659332244
1066,0.0971875,0.8215625,0.1015625,3.04138126514911
1067,0.0971875,0.7909375000000001,0.1015625,2.4670670345749466
1068,0.0971875,0.8215625,0.1015625,5.131601439446886
1069,0.0803125,0.7909375000000001,0.1015625,2.50561499613882
1070,0.0803125,0.8215625,0.1015625,3.7556974262971097
1071,0.0803125,0.8215625,0.1015625,2.907847409948863
1072,0.0746875,0.6684375,0.1390625,3.0274228736994018
1073,0.0128125,0.6684375,0.1390625,0.0305902225433375
1074,0.0746875,0.9440625,0.1390625,0.0
1075,0.0746875,0.6684375,0.0640625,2.73491384120309
1076,0.0746875,0.9440625,0.0640625,0.0
1077,0.0128125,0.6684375,0.0640625,0.0200756789098776
1078,0.0128125,0.9440625,0.1390625,0.0
1079,0.0128125,0.9440625,0.0640625,0.0
1080,0.0296875,0.9134375,0.0640625,1.018804812372234
1081,0.0578125,0.9134375,0.0640625,3.301396894238437
1082,0.0296875,0.6990625,0.0640625,0.6559891913596202
1083,0.0296875,0.9134375,0.1390625,0.0
1084,0.0296875,0.6990625,0.1390625,0.6632741721859421
1085,0.0578125,0.9134375,0.1390625,0.0
1086,0.0578125,0.6990625,0.0640625,1.3963338483118544
1087,0.0578125,0.6990625,0.1390625,2.8935578086279365
1088,0.0240625,0.5765625,0.1296875,0.1269958239868804
1089,0.0859375,0.5765625,0.1296875,3.910184126771436
1090,0.0240625,0.9134375,0.1296875,0.0
1091,0.0240625,0.5765625,0.1484375,0.2511732529295795
1092,0.0240625,0.9134375,0.1484375,0.0
1093,0.0859375,0.5765625,0.1484375,2.867915977567
1094,0.0859375,0.9134375,0.1296875,0.0
1095,0.0859375,0.9134375,0.1484375,0.0
1096,0.0690625,0.8215625,0.0546875,2.485000292755125
1097,0.0409375,0.8215625,0.0546875,0.9172737219828778
1098,0.0690625,0.6684375,0.0546875,2.003747982142966
1099,0.0690625,0.8215625,0.0734375,2.562157655541877
1100,0.0690625,0.6684375,0.0734375,2.4037493224751407
1101,0.0409375,0.8215625,0.0734375,1.105107251864619
1102,0.0409375,0.6684375,0.0546875,0.0849485122592662
1103,0.0409375,0.6684375,0.0734375,0.9325361047112132
1104,0.0915625,0.6990625,0.1671875,1.7246709239499478
1105,0.0634375,0.6990625,0.1671875,2.766685312127092
1106,0.0915625,0.5459375,0.1671875,4.114979446437893
1107,0.0915625,0.6990625,0.1109375,4.367507741776065
1108,0.0915625,0.5459375,0.1109375,1.020611485549911
1109,0.0634375,0.6990625,0.1109375,1.908353478736
1110,0.0634375,0.5459375,0.1671875,2.512442678166597
1111,0.0634375,0.5459375,0.1109375,2.264021103443023
1112,0.0465625,0.9440625,0.0921875,0.0
1113,0.0184375,0.9440625,0.0921875,0.0
1114,0.0465625,0.7909375000000001,0.0921875,1.3966666576468827
1115,0.0465625,0.9440625,0.1859375,0.0
1116,0.0465625,0.7909375000000001,0.1859375,1.8408118014334167
1117,0.0184375,0.9440625,0.1859375,0.0
1118,0.0184375,0.7909375000000001,0.0921875,0.0597491041388255
1119,0.0184375,0.7909375000000001,0.1859375,0.4502316070710687
1120,0.0353125,0.6378125,0.0734375,0.7212692492308541
1121,0.0296875,0.6378125,0.0734375,0.079471431047032
1122,0.0353125,0.8521875,0.0734375,1.0689856320420692
1123,0.0353125,0.6378125,0.1296875,0.967163899119016
1124,0.0353125,0.8521875,0.1296875,1.02309334862465
1125,0.0296875,0.6378125,0.1296875,0.7940930336197208
1126,0.0296875,0.8521875,0.0734375,0.9703725534767614
1127,0.0296875,0.8521875,0.1296875,0.8164612531074893
1132,0.052187500000000005,0.5153125,0.11093750000000001,1.2004320869322147
1128,0.0803125,0.8828125,0.1484375,0.0
1129,0.0746875,0.8828125,0.1484375,0.0
1130,0.0803125,0.6071875,0.1484375,1.367075922631636
1131,0.0803125,0.8828125,0.0546875,2.1134489978863145
1133,0.0746875,0.8828125,0.0546875,5.966747533168091
1134,0.0746875,0.6071875,0.1484375,3.050351228439404
1135,0.0746875,0.6071875,0.0546875,1.7139098193845848
1136,0.0578125,0.5153125,0.1109375,2.152181013254974
1137,0.0521875,0.5153125,0.1109375,1.7005490751896697
1138,0.0578125,0.7296875,0.1109375,1.8509454392920288
1139,0.0578125,0.5153125,0.0921875,2.077793884415062
1140,0.0578125,0.7296875,0.0921875,1.8130202646030376
1141,0.0521875,0.5153125,0.0921875,0.3620855545807716
1142,0.0521875,0.7296875,0.1109375,1.4751373234284304
1143,0.0521875,0.7296875,0.0921875,1.4115685021287343
1144,0.0128125,0.7603125,0.1859375,0.1640628657224079
1145,0.0971875,0.7603125,0.1859375,6.324555320336757
1146,0.0128125,0.9746875,0.1859375,0.0
1147,0.0128125,0.7603125,0.1671875,0.0608860847050769
1148,0.0128125,0.9746875,0.1671875,0.0
1149,0.0971875,0.7603125,0.1671875,3.5590260840104366
1150,0.0971875,0.9746875,0.1859375,0.0
1151,0.0971875,0.9746875,0.1671875,0.0
1152,0.0184375,0.7296875,0.1203125,0.0485951689975462
1153,0.0690625,0.7296875,0.1203125,4.141757655458389
1154,0.0184375,0.6378125,0.1203125,0.0371407915540127
1155,0.0184375,0.7296875,0.1953125,0.3941512997321003
1156,0.0184375,0.6378125,0.1953125,0.1867096287888186
1157,0.0690625,0.7296875,0.1953125,3.34071799082396
1158,0.0690625,0.6378125,0.1203125,2.030772828531886
1159,0.0690625,0.6378125,0.1953125,2.627473120531429
1160,0.0634375,0.9746875,0.1953125,0.0
1161,0.0240625,0.9746875,0.1953125,0.0
1162,0.0634375,0.8828125,0.1953125,0.0
1163,0.0634375,0.9746875,0.1203125,0.0
1164,0.0634375,0.8828125,0.1203125,0.0
1165,0.0240625,0.9746875,0.1203125,0.0
1166,0.0240625,0.8828125,0.1953125,0.0
1167,0.0240625,0.8828125,0.1203125,0.0
1168,0.0859375,0.6071875,0.0828125,1.0340356632822787
1169,0.0915625,0.6071875,0.0828125,1.1511480256411937
1170,0.0859375,0.7603125,0.0828125,3.9820347827762346
1171,0.0859375,0.6071875,0.0828125,3.759936292321711
1172,0.0859375,0.7603125,0.0828125,1.6747537132366657
1173,0.0915625,0.6071875,0.0828125,2.559473853824623
1174,0.0915625,0.7603125,0.0828125,1.4447269625527537
1175,0.0915625,0.7603125,0.0828125,1.5770125078550938
1176,0.0409375,0.8521875,0.1578125,0.0
1177,0.0465625,0.8521875,0.1578125,0.0
1178,0.0409375,0.5153125,0.1578125,0.9453292341118794
1179,0.0409375,0.8521875,0.1578125,0.0
1185,0.052187500000000005,0.7296875,0.11093750000000001,1.951017708498786
1180,0.0409375,0.5153125,0.1578125,1.3489635059475165
1181,0.0465625,0.8521875,0.1578125,0.0
1182,0.0465625,0.5153125,0.1578125,1.6067343718666764
1183,0.0465625,0.5153125,0.1578125,1.6359322388021886
1184,0.0521875,0.5459375,0.1765625,1.4245534781880245
1186,0.0521875,0.5765625,0.1765625,1.4146773586196844
1187,0.0521875,0.5459375,0.1765625,1.0480032837292212
1188,0.0521875,0.5765625,0.1765625,1.81664938648661
1189,0.0353125,0.5459375,0.1765625,1.0294275373627269
1190,0.0353125,0.5765625,0.1765625,0.8222804599157865
1191,0.0353125,0.5765625,0.1765625,0.5456413659314446
1192,0.0971875,0.7909375000000001,0.1015625,2.6404965862924765
1193,0.0803125,0.7909375000000001,0.1015625,2.908227698651828
1194,0.0971875,0.8215625,0.1015625,3.2732683535398857
1195,0.0971875,0.7909375000000001,0.1015625,2.2038926600773587
1196,0.0971875,0.8215625,0.1015625,2.540579747724022
1197,0.0803125,0.7909375000000001,0.1015625,2.3861847269271523
1198,0.0803125,0.8215625,0.1015625,6.586989430086109
1199,0.0803125,0.8215625,0.1015625,3.49497868849838
1200,0.0746875,0.6684375,0.1390625,3.935758204604189
1201,0.0128125,0.6684375,0.1390625,0.018145021545864
1202,0.0746875,0.9440625,0.1390625,0.0
1203,0.0746875,0.6684375,0.0640625,1.798683491876233
1204,0.0746875,0.9440625,0.0640625,0.0
1205,0.0128125,0.6684375,0.0640625,0.011071738984821
1206,0.0128125,0.9440625,0.1390625,0.0
1207,0.0128125,0.9440625,0.0640625,0.0
1208,0.0296875,0.9134375,0.0640625,0.9783315415644092
1209,0.0578125,0.9134375,0.0640625,2.618557231900925
1210,0.0296875,0.6990625,0.0640625,0.0381566478784024
1211,0.0296875,0.9134375,0.1390625,0.0
1212,0.0296875,0.6990625,0.1390625,0.6465334949463103
1213,0.0578125,0.9134375,0.1390625,0.0
1214,0.0578125,0.6990625,0.0640625,1.2133467072584867
1215,0.0578125,0.6990625,0.1390625,2.473312297943789
1216,0.0240625,0.5765625,0.1296875,0.0785813538971204
1217,0.0859375,0.5765625,0.1296875,3.857303718080196
1218,0.0240625,0.9134375,0.1296875,0.0
1219,0.0240625,0.5765625,0.1484375,0.1267569935113033
1220,0.0240625,0.9134375,0.1484375,0.0
1221,0.0859375,0.5765625,0.1484375,1.1909581622824834
1222,0.0859375,0.9134375,0.1296875,0.0
1223,0.0859375,0.9134375,0.1484375,0.0
1224,0.0690625,0.8215625,0.0546875,3.735021245888383
1225,0.0409375,0.8215625,0.0546875,0.8020364361072031
1226,0.0690625,0.6684375,0.0546875,2.29216656910548
1227,0.0690625,0.8215625,0.0734375,1.7102811994771163
1228,0.0690625,0.6684375,0.0734375,1.5310402228606343
1229,0.0409375,0.8215625,0.0734375,1.2704485023487304
1230,0.0409375,0.6684375,0.0546875,0.4192120324585655
1231,0.0409375,0.6684375,0.0734375,0.8932385624125851
1232,0.0915625,0.6990625,0.1671875,2.848001248439177
1233,0.0634375,0.6990625,0.1671875,3.400916606774381
1234,0.0915625,0.5459375,0.1671875,1.6768969768815196
1235,0.0915625,0.6990625,0.1109375,2.714285714285715
1236,0.0915625,0.5459375,0.1109375,2.4956071268848974
1237,0.0634375,0.6990625,0.1109375,2.364002881966444
1238,0.0634375,0.5459375,0.1671875,1.9581912137043933
1239,0.0634375,0.5459375,0.1109375,4.947307179415554
1240,0.0465625,0.9440625,0.0921875,0.0
1241,0.0184375,0.9440625,0.0921875,0.0
1242,0.0465625,0.7909375000000001,0.0921875,1.3265746327999972
1243,0.0465625,0.9440625,0.1859375,0.0
1244,0.0465625,0.7909375000000001,0.1859375,2.3319555160692107
1245,0.0184375,0.9440625,0.1859375,0.0
1246,0.0184375,0.7909375000000001,0.0921875,0.2348390626633039
1247,0.0184375,0.7909375000000001,0.1859375,0.4006331771085438
1248,0.0353125,0.6378125,0.0734375,0.4827580784022782
1249,0.0296875,0.6378125,0.0734375,0.306798234197997
1250,0.0353125,0.8521875,0.0734375,0.974658711708132
1251,0.0353125,0.6378125,0.1296875,1.2128185454688452
1252,0.0353125,0.8521875,0.1296875,1.475220888691353
1253,0.0296875,0.6378125,0.1296875,0.102958029004736
1254,0.0296875,0.8521875,0.0734375,0.7811874208952169
1255,0.0296875,0.8521875,0.1296875,1.0418254719345954
1256,0.0803125,0.8828125,0.1484375,0.0
1257,0.0746875,0.8828125,0.1484375,0.0
1258,0.0803125,0.6071875,0.1484375,1.1419860907230694
1259,0.0803125,0.8828125,0.0546875,5.131601439446885
1260,0.0803125,0.6071875,0.0546875,1.352563153177453
1261,0.0746875,0.8828125,0.0546875,2.467067034574946
1262,0.0746875,0.6071875,0.1484375,1.474645715211215
1263,0.0746875,0.6071875,0.0546875,3.3083984656342924
1264,0.0578125,0.5153125,0.1109375,1.5281106320691469
1265,0.0521875,0.5153125,0.1109375,1.2144112331814405
1266,0.0578125,0.7296875,0.1109375,2.022163191055292
1267,0.0578125,0.5153125,0.0921875,1.5719807718127998
1268,0.0578125,0.7296875,0.0921875,2.412801048312608
1269,0.0521875,0.5153125,0.0921875,1.340909566187487
1270,0.0521875,0.7296875,0.1109375,2.0327505476805454
1271,0.0521875,0.7296875,0.0921875,1.544178238062271
1272,0.0128125,0.7603125,0.1859375,0.1022822860039541
1273,0.0971875,0.7603125,0.1859375,4.686149805543992
1274,0.0128125,0.9746875,0.1859375,0.0
1275,0.0128125,0.7603125,0.1671875,0.2846690679744844
1276,0.0128125,0.9746875,0.1671875,0.0
1277,0.0971875,0.7603125,0.1671875,3.4369317712168805
1278,0.0971875,0.9746875,0.1859375,0.0
1279,0.0971875,0.9746875,0.1671875,0.0
